Source,Target,Weight
1.FC Magdeburg,G. Halberstadt,15
1.FC Nuremberg,B. Leverkusen,13
1.FC Nuremberg,VfB Stuttgart,12
1.FSV Mainz 05,1.FC Köln,9
1.FSV Mainz 05,FC Schalke 04,15
1.JFS Köln Jgd.,1.FC Köln Yth.,9
1.SC Znojmo,Sigma Olomouc,9
1461 Trabzon,Trabzonspor,49
1461 Trabzon ,Trabzonspor,10
1860 Munich,Arm. Bielefeld,9
A. Klagenfurt,Viktoria Berlin,9
A. Lustenau,Clermont Foot,11
A. Lustenau,FC Dornbirn,10
A. Lustenau,SCR Altach,15
A. Malagueño,Málaga CF,46
A. Selcukluspor,Konyaspor,10
A. Selcukspor,Konyaspor,19
A. Vienna Res.,Austria Vienna,36
A.Sebatspor,Trabzonspor,17
ABC FC,América-RN,9
ABC FC,Atlético-PR,10
ABC FC,Caxias-RS,9
ABC FC,EC Vitória,10
ABC FC,Tombense,9
AC Ajaccio,FC Lorient,13
AC Ajaccio B,AC Ajaccio,37
AC Arles B,AC Arles-Avignon,9
AC Bellinzona,FC Chiasso,17
AC Bellinzona,FC Locarno,14
AC Bellinzona,FC Lugano,18
AC Bellinzona,FC Paradiso,10
AC Bellinzona,FC Sion,13
AC Carpenedolo,Parma,9
AC Cesena Youth,Bologna Youth,12
AC Horsens,FC Midtjylland,15
AC Milan,AS Roma,12
AC Milan,Atalanta BC,15
AC Milan,Bologna,10
AC Milan,Chelsea,10
AC Milan,Como,10
AC Milan,FC Empoli,13
AC Milan,Fiorentina,12
AC Milan,Genoa,27
AC Milan,Juventus,9
AC Milan,Lecce,12
AC Milan,Parma,9
AC Milan,Sampdoria,13
AC Milan,Torino,11
AC Pisa,AS Roma,10
AC Siena,Chievo Verona,9
AC Siena,Genoa,14
AC Siena,Hellas Verona,12
AC Siena,Juventus,17
AC Siena,Torino,13
AC Venezia 1907,Chievo Verona,10
AD Alcorcón,CF Fuenlabrada,11
AD Alcorcón B,AD Alcorcón,16
AD Bahia-BA,EC Vitória,9
ADO Den Haag,FC Dordrecht,13
ADO Den Haag,Feyenoord,10
ADO Den Haag,Sparta R.,10
AE Larisa,AO Trikala,10
AEK Athens,AEK Athens B,12
AFC Tubize,R Charleroi SC,10
AFC Wimbledon,Hampton & Rich.,10
AFC Wimbledon,Newport County,10
AFC Wimbledon,Woking,9
AFC Youth,AZ Alkmaar Yth.,26
AFC Youth,Ajax Youth ,16
AIK,GIF Sundsvall,18
AJ Auxerre,Dijon,9
AJ Auxerre,LB Châteauroux,11
AJ Auxerre B,AJ Auxerre,86
AO Chaidariou,AO Egaleo,9
AO Egaleo,AO Chaidariou,9
APO Levadiakos,Olympiacos,13
APO Levadiakos,Panathinaikos,11
AS Gubbio,Bari,9
AS Gubbio,Fiorentina,9
AS Gubbio,Parma,26
AS Livorno,AS Roma,10
AS Livorno,Alessandria,9
AS Livorno,Inter,11
AS Moulins,AS Yzeure,13
AS Nancy B,AS Nancy,69
AS Rom Youth,Lazio Youth,12
AS Roma,AC Milan,11
AS Roma,AC Pisa,10
AS Roma,AS Livorno,11
AS Roma,Atalanta BC,10
AS Roma,Bari,18
AS Roma,Brescia,11
AS Roma,Cagliari,12
AS Roma,Genoa,16
AS Roma,Hellas Verona,12
AS Roma,Inter,18
AS Roma,Lecce,10
AS Roma,Parma,9
AS Roma,Perugia,9
AS Roma,Pescara,19
AS Roma,Sampdoria,12
AS Roma,Sassuolo,20
AS Roma,Torino,13
AS Trencin,FC ViOn,10
ASEC Mimosas,KSK Beveren,9
ASPIRE FD,KAS Eupen,11
AZ Alkmaar,Ajax,9
AZ Alkmaar,Feyenoord,10
AZ Alkmaar,RKC Waalwijk,9
AZ Alkmaar,Sparta R.,12
AaFK Youth,Aalesund,13
Aalborg BK,Silkeborg IF,9
Aarhus GF,AC Horsens,11
Aarhus GF,Silkeborg IF,12
Aberdeen FC,Dundee FC,10
Aberdeen FC,Dunfermline A.,11
Aberdeen FC,Forfar Athletic,11
Aberdeen FC,Inverness CT,11
Aberdeen FC,Livingston FC,9
Aberdeen FC,Peterhead,9
Aberdeen FC,St. Johnstone,13
Aberdeen FC,St. Mirren,14
Aberdeen FC B,Aberdeen FC,12
Académicos,Atlas,17
Accrington,Clitheroe,12
Accrington,Southport,9
Adana Demir Yth,Adana Demirspor,12
Adana Demirspor,Eyüpspor,12
Adana Demirspor,Kayserispor,9
Adana Demirspor,Sanliurfaspor ,13
Adanaspor,Istanbulspor,9
Adanaspor,Karsiyaka,9
Adanaspor,Samsunspor,12
Admira Wacker,Austria Vienna,10
Admira Wacker,Rapid Vienna,13
Afragolese,Angri,10
Ajax,FC Groningen,10
Ajax,NAC Breda,12
Ajax,Sparta R.,9
Ajax,Twente FC,13
Ajax,Vitesse,12
Ajax Youth ,AFC Youth,13
Ajax Youth ,Haarlem Youth,12
Akad Chertanovo,Chertanovo,14
Akron Konoplev,Akad. Togliatti,11
Akron Konoplev,Lada-SOK Dimitr.,12
Al-Ahli SC,Al-Duhail SC,15
Al-Arabi SC,Al-Khor SC,10
Al-Arabi SC,Al-Sadd,10
Al-Arabi SC,Al-Sailiya SC,10
Al-Arabi SC Aca,Al-Arabi SC,15
Al-Duhail SC,Al-Ahli SC,18
Al-Duhail SC,Al-Arabi SC,9
Al-Duhail SC,Al-Khor SC,10
Al-Duhail SC,Al-Sailiya SC,12
Al-Duhail SC,Al-Wakrah SC,17
Al-Gharafa,Al-Khor SC,9
Al-Gharafa,Muaither SC,9
Al-Kharaitiyat,Al-Sadd,9
Al-Khor SC,Al-Rayyan,11
Al-Markhiya SC,Al-Khor SC,9
Al-Rayyan,Al-Gharafa,11
Al-Rayyan,Al-Sadd,13
Al-Rayyan,Al-Sailiya SC,15
Al-Rayyan,Al-Shahania SC,11
Al-Rayyan,Qatar SC,12
Al-Rayyan SC Res,Al-Rayyan,12
Al-Sadd,Al-Ahli SC,9
Al-Sadd,Al-Arabi SC,16
Al-Sadd,Al-Kharaitiyat,13
Al-Sadd,Al-Rayyan,17
Al-Sadd Reserve,Al-Sadd,19
Al-Sailiya SC,Al-Arabi SC,9
Al-Sailiya SC,Al-Kharaitiyat,9
Al-Sailiya SC,Al-Rayyan,11
Al-Shahania SC,Al-Rayyan,9
Al-Wakrah SC,Al-Duhail SC,14
Alania,Alania-D Vladik.,11
Alavés,Espanyol,11
Alavés,Real Betis,9
Alavés,Real Sociedad,9
Alavés B,Alavés,22
Alavés B,NK Istra,10
Albacete,Atlético Madrid,9
Albacete,Córdoba CF,11
Albacete,Hércules CF,10
Albirex Niigata,Kashiwa Reysol,11
Albirex Niigata,Shonan Bellmare,9
Alessandria,Atalanta BC,11
Alessandria,Pro Vercelli,10
Algeciras B,Algeciras CF,13
Almagro,San Lorenzo,9
Almere City FC ,Ajax Youth ,14
Almirante Brown,Dep. Riestra,19
Altay SK,Besiktas,9
Altay SK,Samsunspor,11
Altay SK Yth,Altay SK,13
Altinordu,Efeler 09 SFK,9
Altinordu,Nigde Anadolu,45
Alverca,Benfica,16
Alverca,Santa Clara,13
Amateure OÖ,LASK,9
Amica Wronki,Lech Poznan,16
Amiens SC B,Amiens SC,53
América,Atlante,10
América,Club Tijuana,13
América,León,12
América,Monterrey,14
América,Necaxa,33
América,Puebla FC,21
América,Querétaro FC,9
América,San Luis,18
América,Santos Laguna,17
América,Tiburones Rojos,12
América Coapa,América,10
América Coapa,CSD Zacatepec,9
América Coapa,San Luis,11
América-MG,Atlético-MG,17
América-MG,Cruzeiro,26
América-MG,Fluminense,10
América-MG,Goiás,10
América-MG,Mirassol-SP,9
América-MG,Tombense,27
América-RN,Ceará SC,12
América-RN,Globo,9
América-RN,Tombense,11
Ancona,Ascoli,9
Ancona,Napoli,10
Ancona,Taranto,10
Anderlecht Yth.,KRC Genk Youth,11
Andria,Taranto,10
Angers SCO B,Angers SCO,51
Ankara Demir,Ankaragücü,16
Ankara Demir,Kardemir Karabük,13
Ankaragücü,Altay SK,12
Ankaragücü,Ankara Demir,16
Ankaragücü,Ankaraspor,17
Ankaragücü,Antalyaspor,9
Ankaragücü,Denizlispor,10
Ankaragücü,Diyarbakirspor,10
Ankaragücü,Eskisehirspor,10
Ankaragücü,Genclerbirligi,10
Ankaragücü,Göztepe,9
Ankaragücü,Kardemir Karabük,14
Ankaragücü,Kayserispor,9
Ankaragücü,Sivasspor,13
Ankaragücü,Trabzonspor,9
Ankaragücü,Türk Telekom,9
Ankaraspor,Ankaragücü,31
Ankaraspor,Keciörengücü,9
Antalyaspor,Alanyaspor,13
Antalyaspor,Bodrum FK,21
Antalyaspor,Elazigspor ,10
Antalyaspor,Genclerbirligi,11
Antalyaspor,Konyaspor,10
Anzhi,Career break,14
Anzhi,Dinamo Moscow,13
Anzhi,KS Samara,13
Anápolis,Anápolis,11
Anápolis,Vila Nova FC,9
Anápolis,XV Piracicaba,9
Aparecidense,Goiás,24
Aparecidense,Goiás B,10
Aparecidense,Vila Nova FC,10
Arenas Club,Bilbao Athletic,9
Arenas Club,Gernika,11
Argentinos Jrs.,Godoy Cruz,11
Argentinos Jrs.,Independiente,13
Argentinos Jrs.,River Plate,15
Argentinos Jrs.,San Lorenzo,12
Aris Saloniki,Olympiacos,9
Arka Gdynia,KKS Kalisz,10
Arka Gdynia,Legia Warszawa,9
Arka Gdynia,Pogon Szczecin,9
Arm. Bielefeld,1860 Munich,9
Arm. Bielefeld,E. Braunschweig,10
Arm. Bielefeld,VfL Osnabrück,9
Arouca,Boavista,12
Arsenal,Barcelona,11
Arsenal,Birmingham,12
Arsenal,Crystal Palace,10
Arsenal,Forest,9
Arsenal,Fulham,10
Arsenal,Watford,9
Arsenal,West Ham,13
Arsenal Kharkiv,FK Kharkiv,9
Arsenal Kyiv,Dnipro,17
Arsenal Kyiv,Dynamo Kyiv,12
Arsenal Sarandí,Defensa,10
Arsenal Sarandí,Independiente,10
Arsenal Sarandí,Lanús,15
Arsenal-2 Tula,Arsenal Tula,10
Ascoli,AJ Fano,9
Ascoli,Atalanta BC,12
Ascoli,Bari,10
Ascoli,Catania,9
Ascoli,Cremonese,9
Ascoli,Juventus,12
Ascoli,Modena,10
Ascoli,Padova,11
Ascoli,Parma,17
Ascoli,Salernitana,9
Ascoli,Sampdoria,9
Ascoli,Sassuolo,9
Ascoli,Torino,13
Asteras Tripoli,Panarkadikos,11
Aston Villa,Forest,13
Aston Villa,Middlesbrough,12
Aston Villa,Newcastle,9
Aston Villa,Preston,10
Aston Villa,Stoke City,13
Aston Villa Res.,Aston Villa,11
Atalanta BC,AC Milan,13
Atalanta BC,AS Roma,12
Atalanta BC,Alessandria,11
Atalanta BC,Ascoli,16
Atalanta BC,Avellino,9
Atalanta BC,Bari,10
Atalanta BC,Bologna,19
Atalanta BC,Cagliari,14
Atalanta BC,Carpi,9
Atalanta BC,Carrarese,10
Atalanta BC,Cesena,25
Atalanta BC,Cremonese,12
Atalanta BC,Frosinone,9
Atalanta BC,Genoa,18
Atalanta BC,Hellas Verona,13
Atalanta BC,Inter,10
Atalanta BC,Juve Stabia ,10
Atalanta BC,Juventus,19
Atalanta BC,Lecco,9
Atalanta BC,Padova,13
Atalanta BC,Parma,11
Atalanta BC,Perugia,9
Atalanta BC,Pescara,12
Atalanta BC,Pistoiese,9
Atalanta BC,Pro Vercelli,9
Atalanta BC,Reggina,10
Atalanta BC,SPAL,22
Atalanta BC,Sampdoria,10
Atalanta BC,Spezia Calcio,17
Atalanta BC,Ternana,12
Atalanta BC,Torino,11
Atalanta BC,Vicenza,9
Athletic,CD Leganés,13
Athletic,CD Mirandés,15
Athletic,CD Numancia,16
Athletic,SD Eibar,13
Athletico-PR,Cruzeiro,11
Atl Castegnato,Ospitaletto,9
Atl. Albacete,Albacete,23
Atl. Levante,Levante,22
Atl. Madrid C,Atl. Madrileño,40
Atl. Madrileño,Atlético Madrid,48
Atl. Madrileño,Córdoba CF,9
Atl. Rafaela,Racing Club,9
Atl. Rafaela,Sp. Belgrano,10
Atlanta,Almirante Brown,10
Atlanta,Lanús,11
Atlante,América,13
Atlante,Jaguares,10
Atlante,León,12
Atlante,Monarcas Morelia,9
Atlante,Monterrey,10
Atlante,Puebla FC,15
Atlante,Querétaro FC,16
Atlante,San Luis,9
Atlas,CD Cruz Azul,13
Atlas,Club Tijuana,10
Atlas,Correcaminos,9
Atlas,Jaguares,11
Atlas,Leones Negros,9
Atlas,León,13
Atlas,Monarcas Morelia,17
Atlas,Monterrey,9
Atlas,Necaxa,15
Atlas,Pachuca,11
Atlas,Puebla FC,17
Atlas,Santos Laguna,28
Atlas,Tiburones Rojos,9
Atlas,Toluca,13
Atlético Madrid,Dep. La Coruña,12
Atlético Madrid,Getafe,13
Atlético Madrid,RCD Mallorca,9
Atlético Madrid,Rayo Vallecano,11
Atlético Madrid,Real Zaragoza,15
Atlético Madrid,Valencia,9
Atlético-GO,Atlético-MG,10
Atlético-GO,Atlético-PR,14
Atlético-GO,Botafogo,11
Atlético-GO,CRB,10
Atlético-GO,Ceará SC,9
Atlético-GO,Cruzeiro,9
Atlético-GO,Fluminense,11
Atlético-GO,Fortaleza,11
Atlético-GO,Internacional,15
Atlético-GO,Mirassol-SP,13
Atlético-GO,Tombense,11
Atlético-MG,América-MG,16
Atlético-MG,Atlético-GO,12
Atlético-MG,Atlético-PR,15
Atlético-MG,Avaí FC,9
Atlético-MG,Botafogo,11
Atlético-MG,CRB,12
Atlético-MG,Ceará SC,9
Atlético-MG,Corinthians,16
Atlético-MG,Coritiba FC,17
Atlético-MG,EC Bahia,16
Atlético-MG,EC Vitória,14
Atlético-MG,Figueirense FC,10
Atlético-MG,Fluminense,9
Atlético-MG,Fortaleza,15
Atlético-MG,Goiás,11
Atlético-MG,Grêmio,9
Atlético-MG,Juventude,10
Atlético-MG,Palmeiras,15
Atlético-MG,Ponte Preta,13
Atlético-MG,Santos,12
Atlético-MG,Sport Recife,22
Atlético-MG,São Paulo,11
Atlético-MG,Tombense,11
Atlético-MG,Vasco da Gama,18
Atlético-MG B,Atlético-MG,51
Atlético-MG B,Coimbra,10
Atlético-PR,ABC FC,10
Atlético-PR,Atlético-GO,12
Atlético-PR,Atlético-MG,12
Atlético-PR,Ceará SC,10
Atlético-PR,EC Bahia,10
Atlético-PR,EC Vitória,12
Atlético-PR,Ferroviária,17
Atlético-PR,Figueirense FC,10
Atlético-PR,Flamengo,11
Atlético-PR,Fortaleza,11
Atlético-PR,Goiás,10
Atlético-PR,Internacional,12
Atlético-PR,Joinville-SC,10
Atlético-PR,Náutico,15
Atlético-PR,Palmeiras,11
Atlético-PR,Paraná,9
Atlético-PR,Ponte Preta,13
Atlético-PR,Sport Recife,12
Atlético-PR,São Paulo,15
Atlético-PR B,Atlético-PR,39
Atromitos,Ionikos Nikeas,10
Atromitos,Olympiacos,13
Auda,Riga,9
Audax-RJ,GO Audax,19
Augsburg Yth.,B. München Yth.,11
Austria Vienna,A. Vienna Res.,11
Austria Vienna,Admira Wacker,11
Austria Vienna,SV Stripfing,9
Austria Vienna,Sturm Graz,9
Avaí B,Avaí FC,20
Avaí FC,Atlético-GO,9
Avaí FC,Coritiba FC,15
Avaí FC,Cruzeiro,11
Avaí FC,Paraná,12
Avaí FC,Ponte Preta,9
Avaí FC,Santos,10
Avaí FC,Tombense,42
Avellino,Atalanta BC,10
Avellino,Cavese,13
Avellino,Salernitana,14
Avispa Fukuoka,Kashiwa Reysol,9
Avtodor Vl.,Spartak V-kavkaz,9
Aydinspor,Altay SK,9
B. Leverkusen,1.FC Nuremberg,10
B. Leverkusen,E. Frankfurt,14
B. Leverkusen,F. Düsseldorf,10
B. Leverkusen,FC Augsburg,9
B. Petrol Yth,Batman Petrol,23
BB Ankaraspor,Keciörengücü,11
BC Branco,Santa Clara,10
BFC Siófok,Bicskei TC,9
BFC Siófok,ETO FC Győr ,10
BFC Siófok,Honvéd,16
BFC Siófok,MTK Budapest,15
BFC Siófok,Paksi FC,20
BFC Siófok,Vasas FC,12
BFC Siófok,Videoton FC,10
BK Olympic,Malmö FF,11
BSC Young Boys,FC Aarau,15
BSC Young Boys,FC Biel-Bienne,11
BSC Young Boys,FC Luzern,12
BSC Young Boys,FC Thun,18
BSC Young Boys,FC Vaduz,11
BSC Young Boys,FC Winterthur,12
BSC Young Boys,Grasshoppers,10
BSC Young Boys,Lausanne-Sport,11
BSC Young Boys,Neuchâtel Xamax,12
BSC Young Boys,Servette FC,11
Bahia B,EC Bahia,36
Balikesir Yth,Balikesirspor,12
Baltika,Rostov,10
Bandirmaspor,Sariyer,10
Banfield,Boca Juniors,10
Banfield,Independiente,10
Banfield,River Plate,12
Bangu-RJ,Bonsucesso-RJ,9
Bangu-RJ,Vasco da Gama,9
Banik Ostrava,Fotbal Trinec,12
Banik Ostrava,Frydek-Mistek,9
Banik Ostrava,Karvina,18
Banik Ostrava,Mlada Boleslav,9
Banik Ostrava,Slavia Prague,18
Banik Ostrava,Viktoria Plzen,12
Banik Ostrava,Vitkovice,11
Banik Ostrava B,Banik Ostrava,29
Banik Ostrava B,Frydek-Mistek,21
Banik Ostrava B,Hlucin,18
Banik Ostrava B,Vitkovice,18
Banik Sokolov,Viktoria Plzen,12
Banska Bystrica,Dunajska Streda,11
Banska Bystrica,MSK Zilina,9
Banska Bystrica,Podbrezova,12
Barakaldo CF ,Bilbao Athletic,16
Barakaldo CF ,SD Amorebieta,11
Barakaldo CF ,SD Eibar,11
Barcelona,Atlético Madrid,10
Barcelona,Real Betis,14
Barcelona,Sevilla FC,10
Barcelona B,Barcelona,60
Barcelona B,CE Sabadell ,9
Barcelona C,Barcelona B,79
Bardejov,Tatran Presov,13
Bari,AS Roma,15
Bari,Andria,12
Bari,Ascoli,12
Bari,Atalanta BC,11
Bari,Benevento,11
Bari,Chievo Verona,15
Bari,Foggia,10
Bari,Genoa,15
Bari,Hellas Verona,12
Bari,Juventus,13
Bari,Lazio,9
Bari,Napoli,20
Bari,Parma,10
Bari,Pescara,9
Bari,Salernitana,12
Bari,Sampdoria,9
Bari,Torino,12
Bari,Vicenza,10
Barletta,Manfredonia,9
Barnsley,Bradford,12
Barnsley,Derby,9
Barnsley,Grimsby Town,12
Barnsley,Hull City,9
Barnsley,Luton,11
Barnsley,Rochdale,9
Barnsley,Stoke City,12
Barranquilla FC,Junior FC,9
Barrow,Southport,10
Barueri,Palmeiras,10
Barça Atlètic,Barcelona,17
Bassano,LR Vicenza,11
Bath City,Bristol Rovers,10
Bath City,Exeter City,10
Bayern Munich,1.FC Nuremberg,10
Bayonne,Genêts Anglet,15
Belenenses,B SAD,13
Belenenses,Benfica,10
Belenenses Yth,Belenenses S15,36
Belfort B,ASM Belfort,9
Belgrano,Boca Juniors,10
Bellaria IM,Cesena,27
Benevento,ASG Nocerina,10
Benevento,Casertana,9
Benevento,Catanzaro,10
Benevento,Pescara,12
Benevento Yth.,Salernitana You,10
Benfica,Alverca,10
Benfica,Atlético Madrid,9
Benfica,Beira-Mar,9
Benfica,Benfica B,14
Benfica,Besiktas,10
Benfica,Dep. La Coruña,11
Benfica,Desportivo Aves,9
Benfica,Gil Vicente,12
Benfica,Granada CF,10
Benfica,Paris SG,10
Benfica,Paços Ferreira,10
Benfica,SC Braga,15
Benfica,Valencia,11
Benfica,Vit. Guimarães,13
Benfica,Vitória Setúbal,10
Benfica B,Belenenses,9
Benfica B,Benfica,48
Benfica B,Desportivo Aves,10
Benfica B,Rio Ave,9
Besançon B,Racing Besançon,9
Besiktas,Antalyaspor,9
Besiktas,Bursaspor,13
Besiktas,C. Rizespor,17
Besiktas,Diyarbakirspor,10
Besiktas,Eskisehirspor,9
Besiktas,Gaziantepspor,11
Besiktas,Göztepe,11
Besiktas,Kocaelispor,12
Besiktas,Trabzonspor,10
Bethlehem Steel,Philadelphia,40
Betis B,Real Betis,26
Betis C,Betis B,9
Betis Deportivo,Real Betis,23
Bilbao Athletic,Arenas Club,9
Bilbao Athletic,Athletic,71
Bilbao Athletic,Barakaldo CF ,24
Bilbao Athletic,SD Amorebieta,16
Bilbao Athletic,Sestao River ,16
Bilbao B,Athletic,22
Bilbao Youth,Danok Bat Yth.,12
Birmingham,Blackpool,11
Birmingham,Walsall,10
Birmingham,West Brom,12
Blackburn,Birmingham,11
Blackburn,Blackpool,10
Blackburn,Derby,11
Blackburn,Ipswich,9
Blackburn,Leeds,11
Blackburn,Leicester,11
Blackburn,Rochdale,11
Blackburn,Stockport,9
Blackpool,Birmingham,9
Blackpool,Blackburn,10
Blackpool,Bradford,9
Blackpool,Bury,16
Blackpool,Fleetwood,12
Blackpool,Middlesbrough,9
Blackpool,Morecambe FC,9
Blackpool,Oldham Athletic,10
Blackpool,Plymouth,10
Blackpool,Port Vale,9
Blackpool,Rochdale,15
Blackpool,Tranmere,11
Blyth Spartans,Gateshead,9
Boa Esporte,Operário VG,9
Boa Esporte,São Bernardo,10
Boavista,Beira-Mar,9
Boavista,Benfica,11
Boavista,Desportivo Aves,17
Boavista,Duque de Caxias,16
Boavista,FC Porto,10
Boavista,Feirense,9
Boavista,Flamengo,10
Boavista,Gondomar,17
Boavista,Leixões,10
Boavista,Vasco da Gama,10
Boavista CJ,Pasteleira S15,11
Boavista Y19,Boavista,60
Boca Juniors,Banfield,10
Boca Juniors,Belgrano,9
Boca Juniors,CA Talleres,15
Boca Juniors,Chacarita Jrs.,12
Boca Juniors,Colon,10
Boca Juniors,Estudiantes LP,12
Boca Juniors,Huracán,9
Boca Juniors,Lanús,11
Boca Juniors,Racing Club,15
Boca Juniors,Rosario Central,13
Boca Juniors,Tigre,16
Bodrum FK,Antalyaspor,9
Bodø/Glimt,Rosenborg,18
Bodø/Glimt Yth.,Bodø/Glimt,24
Bohemians 1905,Dukla Prague,10
Bohemians 1905,Mlada Boleslav,10
Bohemians 1905,Slavia Prague,14
Bohemians 1905,Sparta Prague,14
Bohemians 1905,Sparta Prague B,9
Bohemians 1905,Viktoria Plzen,9
Bohemians Praha,Semice,10
Bohs Academy,Bohemians,18
Boin MS,Boin HS,10
Bologna,Ascoli,12
Bologna,Atalanta BC,13
Bologna,Brescia,10
Bologna,Cesena,11
Bologna,Genoa,10
Bologna,Hellas Verona,16
Bologna,Inter,17
Bologna,Juventus,19
Bologna,Lecce,11
Bologna,Montreal,9
Bologna,Napoli,11
Bologna,Torino,10
Bolton,Cardiff,11
Bolton,Hull City,11
Bolton,Oldham Athletic,9
Boluspor,Göztepe,9
Boluspor,Sanliurfaspor ,13
Boreham Wood,Dag & Red FC,9
Botafogo,Atlético-GO,10
Botafogo,Atlético-MG,9
Botafogo,Boavista,9
Botafogo,Corinthians,13
Botafogo,Cruzeiro,16
Botafogo,EC Bahia,11
Botafogo,Figueirense FC,11
Botafogo,Fluminense,9
Botafogo,Grêmio,10
Botafogo,Internacional,13
Botafogo,RWDM,16
Botafogo,São Paulo,14
Botafogo,Tombense,10
Botafogo-SP,CRB,11
Botafogo-SP,Chapecoense,12
Botafogo-SP,Corinthians,9
Botafogo-SP,Coritiba FC,19
Botafogo-SP,Guarani,10
Botafogo-SP,Santos,9
Botafogo-SP,São Caetano,9
Bournemouth,Dorchester,9
Bournemouth,Portsmouth,15
Bournemouth,Southampton,17
Bournemouth,Weymouth FC,9
Bradford,Huddersfield,11
Bradford,Middlesbrough,10
Bradford,Notts County,9
Braga B,Moreirense ,13
Braga B,SC Braga,46
Bragantino,Capivariano,12
Bragantino,Corinthians,23
Bragantino,Palmeiras,9
Bragantino B,Red Bull,9
Brasil Pelotas,Santo André,9
Brasiliense-DF,Ceilândia,12
Brasiliense-DF,Samambaia,30
Brentford,AFC Wimbledon,12
Brentford,Crawley Town,10
Brentford,Gillingham,9
Brentford,Ipswich,9
Brentford,Millwall,10
Brentford,Reading,12
Brentford,Wycombe,13
Brentford B,Brentford,17
Brescia,AS Roma,10
Brescia,Bari,9
Brescia,Chievo Verona,10
Brescia,Genoa,17
Brescia,Hellas Verona,13
Brescia,Inter,9
Brescia,Lumezzane,9
Brescia,Pescara,9
Brescia,Sampdoria,16
Brescia,Sassuolo,9
Brescia,Ternana,11
Brest B,Stade Brestois,24
Brighton,Charlton,9
Brighton,Wigan,9
Brindisi,Nardò,9
Bristol City,Cardiff,9
Bristol City,Cheltenham,17
Bristol City,Forest Green,9
Bristol City,Plymouth,10
Bristol City,Wolves,10
Bristol City,Yeovil Town,15
Bristol Rovers,Bath City,11
Bristol Rovers,Cheltenham,10
Bristol Rovers,Forest Green,11
Bristol Rovers,Gloucester,11
Bristol Rovers,Shrewsbury,15
Bristol Rovers,Yeovil Town,11
Brommapojkarna,Djurgården,14
Brora Rangers,Inverness CT,10
Bryne FK Yth.,Bryne,11
Bröndby IF,Lyngby BK,9
Bucaspor Yth,Altinordu Yth,11
Bucaspor Yth,Bucaspor,20
Bugsas Spor,Ankaraspor,9
Bugsas Spor,Keciörengücü,13
Bugsas Spor,Osmanlispor FK,13
Burnley,Barnsley,9
Bursaspor,Bursa Nilüfer ,9
Bursaspor,Galatasaray,12
Bursaspor,Genclerbirligi,10
Bursaspor,Merinosspor,26
Burton Albion,Derby,10
Burton Albion,Leicester,9
Burton Albion,Mansfield Town,11
Bury,Blackpool,11
Bury,Macclesfield,9
Bury,Morecambe FC,9
Bury,Oldham Athletic,10
Bury,Plymouth,9
Bury,Rotherham,10
C. Budejovice,Slavia Prague,15
C. Budejovice,Sparta Prague B,10
C. Budejovice,Viktoria Plzen,15
C. Budejovice B,C. Budejovice,13
C. Dardanel Yth,Dardanelspor,16
C. Rizespor,Adana Demirspor,17
C. Rizespor,Besiktas,16
C. Rizespor,Boluspor,14
C. Rizespor,Büyüksehir Bld,11
C. Rizespor,Galatasaray,11
C. Rizespor,Konyaspor,10
C. Rizespor,Pazarspor ,14
C. Rizespor,Samsunspor,10
CA Fénix,Peñarol,10
CA Osasuna,Athletic,13
CA Osasuna,Atlético Madrid,9
CA Osasuna,CD Leganés,10
CA Osasuna,CD Numancia,10
CA Osasuna,SD Huesca,15
CA Talleres,Argentinos Jrs.,9
CA Talleres,Boca Juniors,16
CA Talleres,Ferro,9
CA Talleres,Godoy Cruz,9
CA Talleres,Lanús,9
CA Talleres,Platense,11
CA Talleres,River Plate,9
CC Yatai,Changchun Res.,27
CCM Academy,Central Coast,14
CD Basconia,Bilbao Athletic,147
CD Basconia,Bilbao B,34
CD Basconia,Gernika,11
CD Castellón B,Castellón,13
CD Cruz Azul,Chivas,13
CD Cruz Azul,Club Tijuana,9
CD Cruz Azul,Cruz Azul Hid.,9
CD Cruz Azul,Jaguares,10
CD Cruz Azul,Monarcas Morelia,12
CD Cruz Azul,Necaxa,11
CD Cruz Azul,Pachuca,12
CD Cruz Azul,Puebla FC,14
CD Cruz Azul,Toluca,12
CD Leganés,AD Alcorcón,10
CD Leganés,Athletic,9
CD Leganés,CA Osasuna,10
CD Leganés,FC Cartagena,9
CD Leganés,Granada CF,9
CD Leganés,SD Huesca,11
CD Leganés B,CD Leganés,22
CD Lugo,Cádiz CF,10
CD Mirandés,Alavés,9
CD Mirandés,Athletic,11
CD Mirandés,Real Sociedad,9
CD Numancia,CA Osasuna,12
CD Numancia B,CD Numancia,23
CD Tapatío,Chivas,9
CD Tenerife,Dep. La Coruña,9
CD Tenerife B,CD Tenerife,35
CE Sabadell B,CE Sabadell ,16
CF Cracks,SH Shenhua Res.,11
CF Damm Youth,Barça Youth,9
CF Damm Youth,Espanyol Youth,9
CF Estrela ,FC Porto,14
CF Estrela ,SC Braga,9
CF Estrela ,Sporting CP,9
CF La Nucia B,CF La Nucía,9
CF Peralada,Girona,10
CISC Academy,Charlotte Ind.,16
CLB Academy,Columbus 2,16
CRB,Atlético-GO,9
CRB,Atlético-MG,11
CRB,Corinthians-AL,9
CRB,Cuiabá-MT,9
CRB,EC Vitória,10
CRB,Guarani,12
CRB,Ituano,10
CRB,Mirassol-SP,9
CRB,Santo André,9
CRB,Tombense,16
CS Sedan B,CS Sedan,26
CSA,ASA,9
CSA,Tombense,10
CSD Zacatepec,Águilas,9
Cabofriense,Cruzeiro,10
Cagliari,AS Roma,13
Cagliari,Atalanta BC,9
Cagliari,Bologna,11
Cagliari,Chievo Verona,10
Cagliari,Como,10
Cagliari,FC Empoli,11
Cagliari,Fiorentina,12
Cagliari,Hellas Verona,9
Cagliari,Inter,19
Cagliari,Juventus,10
Cagliari,Napoli,9
Cagliari,Olbia,18
Cagliari,SPAL,10
Cagliari,Sampdoria,9
Calahorra,SD Logroñés,11
Calcio Monza,Milan,13
Caldense,Osasco-SP,9
Caldiero Junior,Caldiero,9
Cannes,G. Bordeaux,9
Cannes B,Cannes,27
Caracas FC B,Caracas FC,14
Cardiff,Bolton,12
Cardiff,Newport County,9
Cardiff,Sheff Wed,9
Cardiff,Wigan,10
Career break,Des Moines,13
Career break,Graesrödderne,12
Career break,Medialiga,11
Carolina Dynamo,Wake Forest,18
Carolina Elite,Greenville,9
Carouge Youth,Etoile Carouge,11
Carpi,Atalanta BC,10
Carpi,Chievo Verona,11
Carpi,FC Empoli,9
Carpi,Fermana,19
Carpi,Napoli,10
Carrarese,Atalanta BC,10
Carrarese,Juventus,13
Casa Pia,Sporting CP,9
Casertana,Benevento,14
Catania,Ascoli,12
Catania,Catanzaro,14
Catania,Chievo Verona,13
Catania,Perugia,20
Catania,Salernitana,21
Catania,Sambenedettese,19
Catania,Triestina,11
Catanzaro,Catania,15
Catanzaro,Crotone,9
Catanzaro,Reggiana,9
Caudal Dep.,Real Avilés,9
Cavese Youth,Cavese,11
Caxias-RS,Criciúma EC,10
Caxias-RS,Grêmio,13
Caxias-RS,Internacional,11
Ceará B,Ceará SC,12
Ceará SC,América-RN,13
Ceará SC,Atlético-PR,10
Ceará SC,Avaí FC,12
Ceará SC,Botafogo,12
Ceará SC,CRB,10
Ceará SC,Corinthians,10
Ceará SC,Cruzeiro,19
Ceará SC,EC Bahia,12
Ceará SC,Fortaleza,10
Ceará SC,Goiás,9
Ceará SC,Internacional,11
Ceará SC,Juventude,9
Ceará SC,Mirassol-SP,11
Ceará SC,Palmeiras,9
Ceará SC,Santos,10
Ceará SC,Sport Recife,11
Ceilândia,Brasiliense-DF,11
Celaya,Querétaro FC,25
Celta Fortuna,Celta de Vigo,12
Celta Vigo B,Celta de Vigo,35
Celta de Vigo,Valencia,12
Celtic,Aberdeen FC,9
Celtic,Dundee FC,11
Celtic,Hibernian FC,18
Celtic,Motherwell FC,9
Celtic,Ross County,9
Celtic,Southampton,9
Celtic,St. Johnstone,9
Celtic,St. Mirren,10
Celtic B,Celtic,12
Cercle Brugge,KMSK Deinze,10
Cercle Brugge,Monaco,24
Cercle Brugge,Monaco B,10
Cerezo Osaka,Avispa Fukuoka,11
Cerezo Osaka,Kawasaki Front.,9
Cerezo Osaka,Monte. Yamagata,9
Cerezo Osaka,Oita Trinita,13
Cerezo Osaka,Sagan Tosu,14
Cerezo Osaka,Tokushima Vort.,9
Cerezo Osaka,Vissel Kobe,9
Cesena,Atalanta BC,24
Cesena,Bellaria IM,18
Cesena,Bologna,10
Cesena,Catania,9
Cesena,Chievo Verona,13
Cesena,Forlì,20
Cesena,Genoa,19
Cesena,Juventus,11
Cesena,Parma,19
Cesena,Pavia,14
Cesena,Ravenna,9
Cesena,SPAL,9
Cesena,Sampdoria,10
Cesena,San Marino,13
Cesena,Santarcangelo,11
Cesena,Sassuolo,15
Cesena,Torino,9
Cesena,Vicenza,11
Chalkidona,Atromitos,16
Chamois Niort,Dijon,9
Changchun Res.,CC Yatai,14
Chapecoense,Avaí FC,9
Chapecoense,Grêmio,10
Charlotte Ind.,CISC Academy,16
Charlotte Ind.,Colorado,11
Charlton,AFC Wimbledon,10
Charlton,Bromley,10
Charlton,Gillingham,15
Charlton,Leyton Orient,9
Charlton,Portsmouth,11
Charlton,QPR,10
Chaves,Moreirense ,10
Chaves,Pedras Salgadas,16
Chaves,Penafiel,10
Chelsea,AC Milan,16
Chelsea,Arsenal,11
Chelsea,Aston Villa,9
Chelsea,Atlético Madrid,10
Chelsea,Birmingham,9
Chelsea,Bournemouth,10
Chelsea,Crystal Palace,11
Chelsea,Fulham,9
Chelsea,Middlesbrough,11
Chelsea,R. Strasbourg,10
Chelsea,Reading,15
Chelsea,Swansea,9
Chelsea,Vitesse,20
Cheltenham,Bristol City,17
Chertanovo,KS Samara,12
Chesterfield,Notts County,10
Chiapas FC,Monarcas Morelia,9
Chiapas FC,Puebla FC,13
Chiapas FC,Querétaro FC,14
Chicago,Indy Eleven,9
Chicago,Roughnecks FC,9
Chicago,St. Louis FC,10
Chievo Verona,Bari,15
Chievo Verona,Brescia,9
Chievo Verona,Carpi,9
Chievo Verona,Catania,11
Chievo Verona,Cesena,11
Chievo Verona,Cremonese,15
Chievo Verona,Genoa,20
Chievo Verona,Hellas Verona,9
Chievo Verona,Inter,15
Chievo Verona,Lumezzane,17
Chievo Verona,Modena,23
Chievo Verona,Padova,17
Chievo Verona,Pescara,12
Chievo Verona,Piacenza,9
Chievo Verona,SPAL,10
Chievo Verona,Salernitana,9
Chievo Verona,Sampdoria,14
Chievo Verona,Triestina,10
Chievo Verona,Vicenza,11
Chions,Portogruaro,9
Chippenham,Swindon Town,12
Chivas,CD Cruz Azul,10
Chivas,León,13
Chivas,Monterrey,13
Chivas,Necaxa,14
Chivas,Pachuca,15
Chivas,Puebla FC,14
Chivas,Querétaro FC,21
Chivas,San Luis,9
Chivas,Santos Laguna,13
Chivas,Tiburones Rojos,10
Chivas,Toluca,11
Chivas,Zacatepec,10
Chlumec n/Cidl.,Hradec Kr. B,9
Chornomorets,Dynamo Kyiv,21
Chornomorets,Karpaty Lviv,9
Chornomorets,Shakhtar D.,17
Chornomorets-2,Chornomorets,11
Chrudim,Pardubice,9
Châteauroux B,LB Châteauroux,52
Cibalia,NK Vukovar 1991,9
Cittadella,Atalanta BC,12
Clachnacuddin,Inverness CT,10
Clermont B,Clermont Foot,30
Clermont Foot,A. Lustenau,13
Cleveland Int.,Akron Zips,12
Clitheroe,Accrington,9
Clodiense,Adriese 1906,9
Clodiense,Campodarsego,9
Clodiense,Treviso,10
Clodiense Youth,Clodiense,18
Club Brugge,KV Kortrijk,12
Club Brugge,KVC Westerlo,9
Club Brugge,OH Leuven,11
Club Brugge,Royal Antwerp,10
Club Brugge,Sint-Truiden,9
Club Brugge,Standard Liège,10
Club Brugge,Zulte Waregem,11
Club NXT,Club Brugge,21
Club Tijuana,América,21
Club Tijuana,Atlas,10
Club Tijuana,Dorados Sinaloa,32
Club Tijuana,Puebla FC,14
Club Tijuana,Querétaro FC,20
Club Tijuana,Toluca,12
Coimbra,Benfica,9
Coimbra,Corinthians,10
Coimbra,FC Porto,19
Coimbra,GD Tourizense,11
Coimbra,Leiria,9
Coimbra,SC Covilhã,10
Coimbra,Villa Nova,26
Colon,River Plate,15
Colorado,Charlotte Ind.,12
Colorado,Phoenix Rising,9
Colorado,Switchbacks FC,23
Colorado 2,Colorado,13
Columbus,Colorado,11
Como,Bari,9
Como,Cremonese,10
Como,Padova,10
Como,Sampdoria,13
Como Youth,Inter Youth,9
Concordia BS,FC Basel,11
Corinthians,Atlético-MG,16
Corinthians,Botafogo,10
Corinthians,Botafogo-SP,9
Corinthians,Bragantino,20
Corinthians,Ceará SC,20
Corinthians,Coritiba FC,9
Corinthians,Cruzeiro,13
Corinthians,EC Bahia,26
Corinthians,EC Vitória,10
Corinthians,Figueirense FC,10
Corinthians,Flamengo,11
Corinthians,Fluminense,10
Corinthians,Goiás,10
Corinthians,Grêmio,15
Corinthians,Internacional,12
Corinthians,Juventude,9
Corinthians,Náutico,10
Corinthians,Oeste,12
Corinthians,Ponte Preta,20
Corinthians,Portuguesa,11
Corinthians,Santos,10
Corinthians,Sport Recife,11
Corinthians,São Caetano,15
Corinthians,Vasco da Gama,13
Corinthians B,Corinthians,60
Corinthians B,Flamengo-SP,9
Corinthians-PR,Coritiba FC,14
Coritiba B,Coritiba FC,54
Coritiba FC,Atlético-MG,17
Coritiba FC,Avaí FC,15
Coritiba FC,Botafogo-SP,17
Coritiba FC,Corinthians-PR,10
Coritiba FC,Cruzeiro,17
Coritiba FC,EC Bahia,9
Coritiba FC,EC Vitória,18
Coritiba FC,Fluminense,9
Coritiba FC,Fortaleza,11
Coritiba FC,Goiás,9
Coritiba FC,Guarani,16
Coritiba FC,Internacional,16
Coritiba FC,Joinville-SC,12
Coritiba FC,Londrina-PR,17
Coritiba FC,Maringá,11
Coritiba FC,Mirassol-SP,12
Coritiba FC,Palmeiras,18
Coritiba FC,Paraná,12
Coritiba FC,Ponte Preta,12
Coritiba FC,Santos,17
Coritiba FC,São Paulo,9
Coritiba FC,Vasco da Gama,14
Cork Academy,Cork City,14
Corum FK,Igdir FK,13
Cosenza,Genoa,11
Cosenza,Reggina,9
Coventry,Portsmouth,9
Covilhã Y19,SC Covilhã,17
Cremonese,Atalanta BC,11
Cremonese,Chievo Verona,15
Cremonese,Inter,11
Cremonese,Parma,11
Cremonese,Reggiana,9
Crewe Alexandra,Burton Albion,10
Crewe Alexandra,Leek Town FC,10
Crewe Alexandra,Nantwich Town,15
Criciúma B,Criciúma EC,17
Criciúma EC,ABC FC,9
Criciúma EC,CRB,9
Criciúma EC,Chapecoense,11
Criciúma EC,Cruzeiro,17
Criciúma EC,Fluminense,11
Criciúma EC,Goiás,9
Criciúma EC,Internacional,21
Criciúma EC,Juventude,10
Criciúma EC,Tombense,16
Crossfire,Washington,11
Crotone,Catanzaro,11
Crotone,Genoa,10
Crotone,Napoli,11
Crotone,Parma,30
Crotone,Pro Vercelli,17
Crotone,Sassuolo,10
Crucero,Guaraní A. F.,11
Cruz Azul Hid.,CD Cruz Azul,20
Cruz Azul Hid.,Cruz Azul Jasso,12
Cruz Azul Jasso,Cruz Azul Hid.,38
Cruzeiro,América-MG,17
Cruzeiro,Athletico-PR,9
Cruzeiro,Atlético-GO,12
Cruzeiro,Atlético-PR,9
Cruzeiro,Avaí FC,15
Cruzeiro,Botafogo,19
Cruzeiro,Cabofriense,10
Cruzeiro,Ceará SC,15
Cruzeiro,Chapecoense,9
Cruzeiro,Corinthians,11
Cruzeiro,Coritiba FC,20
Cruzeiro,Criciúma EC,12
Cruzeiro,EC Bahia,18
Cruzeiro,EC Vitória,30
Cruzeiro,FC Porto,9
Cruzeiro,Flamengo,12
Cruzeiro,Fluminense,14
Cruzeiro,Goiás,12
Cruzeiro,Grêmio,20
Cruzeiro,Guarani,11
Cruzeiro,Internacional,12
Cruzeiro,Ipatinga FC,32
Cruzeiro,Juventude,12
Cruzeiro,Londrina-PR,9
Cruzeiro,Mirassol-SP,10
Cruzeiro,Nacional,10
Cruzeiro,Náutico,13
Cruzeiro,Palmeiras,24
Cruzeiro,Ponte Preta,14
Cruzeiro,Portuguesa,11
Cruzeiro,Santos,17
Cruzeiro,Sport Recife,13
Cruzeiro,São Paulo,19
Cruzeiro,Tombense,9
Cruzeiro,Vasco da Gama,14
Crystal Palace,Blackpool,9
Crystal Palace,Chelsea,9
Crystal Palace,Forest,9
Crystal Palace,Ipswich,9
Csepel FC,Tatabánya,9
Csákvár,Puskás AFC,32
Cuiseaux B,Louh.-Cuiseaux,17
Cuneo,Bra,9
Cuneo,Savona,10
Cuneo Youth,Cuneo,12
Cádiz B,At. Sanluqueño,10
Cádiz CF,Albacete,9
Cádiz CF,Granada CF,20
Cádiz CF B,Cádiz CF,16
Córdoba CF B,Córdoba CF,32
D. Zagreb Yth.,NK Zagreb Yth.,11
DAC 1912 FC,ETO FC Győr ,9
DL Shide Res.,DL Shide,10
DL Shide Res.,Dalian Shide,12
DYuSSh Lada ,Lada Togliatti,9
DYuSSh Saratov,Sokol Saratov,13
Daejeon Citizen,Suwon Bluewings,9
Dag & Red FC,Barnet,9
Dag & Red FC,Bishop's St.,9
Dag & Red FC,Boreham Wood,10
Dag & Red FC,Ebbsfleet,9
Dag & Red FC,Gillingham,9
Dag & Red FC,Grays Athletic,12
Dag & Red FC,Peterborough,9
Dag & Red FC,Thurrock,9
Dallas,North Texas SC,29
Dallas,Toronto,10
Dallas Academy,Dallas,20
Dallas Academy,North Texas SC,47
Danubio B,Danubio FC,11
De Graafschap,Feyenoord,9
De Graafschap,Go Ahead Eagles,9
Debrecen,Debreceni EAC,12
Debrecen,Diósgyőr,13
Debrecen,Kecskeméti TE,11
Debrecen,Nyíregyháza,23
Defensa,Godoy Cruz,17
Defensa,Independiente,12
Defensa,Platense,12
Defensa,Racing Club,10
Defensa,River Plate,9
Defensor SC,River Plate,9
Degerfors,AIK,9
Delfines,Querétaro FC,15
Delémont Jug,SR Delémont,12
Denizli Belediye,Denizlispor,13
Denizlispor,Antalyaspor,9
Denizlispor,Denizli Belediye,14
Denizlispor,Kayserispor,9
Denizlispor,Konyaspor,11
Denizlispor,Manisaspor,14
Dep. Aragón,Real Zaragoza,25
Dep. La Coruña,Atlético Madrid,10
Dep. La Coruña,Benfica,9
Dep. La Coruña,Racing,10
Dep. Riestra,Almirante Brown,19
Depor Fabril,Dep. La Coruña,17
Deportivo B,Dep. La Coruña,24
Derby,Barnsley,15
Derby,Bristol City,12
Derby,Burton Albion,9
Derby,Crystal Palace,9
Derby,Leicester,10
Derby,Millwall,12
Derby,Notts County,12
Derby,Sheff Wed,13
Derby,Stoke City,10
Derby,Walsall,9
Desp. Brasil,Estoril,21
Desp. Brasil,Fluminense,11
Desp. Brasil,Ituano,14
Desp. Brasil,Palmeiras,17
Desp. Brasil,São Bento (SP),9
Desportivo Aves,Boavista,14
Dijon FCO B,Dijon,16
Dinamo Academy,Dinamo Tbilisi,31
Dinamo Moscow,Anzhi,13
Dinamo Moscow,Rostov,9
Dinamo Tbilisi,FC Locomotive,9
Dinamo Zagreb,HNK Gorica,10
Dinamo Zagreb,HNK Rijeka,19
Dinamo Zagreb,HNK Sibenik,9
Dinamo Zagreb,Inter Zapresic,21
Dinamo Zagreb,NK Lokomotiva,83
Dinamo Zagreb,Zrinjski Mostar,15
Diyarbakirspor,C. Rizespor,10
Diyarbakirspor,Mardinspor,9
Diyarbekir Spor,Tuzlaspor,30
Diósdi TC,SZTK,9
Diósgyőr,BFC Siófok,9
Diósgyőr,Debrecen,12
Diósgyőr,ETO FC Győr ,10
Diósgyőr,Honvéd,10
Diósgyőr,Kazincbarcika,15
Diósgyőr,Mezőkövesd,20
Diósgyőr,Nyíregyháza,10
Diósgyőr,Zalaegerszeg,9
Diósgyőr,Újpest FC,9
Dnipro,Arsenal Kyiv,22
Dnipro,Dynamo Kyiv,10
Dnipro,Karpaty Lviv,9
Dnipro,Kryvbas,55
Dnipro,Volyn Lutsk,11
Dolcan Zabki,Legia Warszawa,9
Domazlice,Vikt. Plzen B,10
Doncaster,Oldham Athletic,10
Dorados Sinaloa,Club Tijuana,36
Dorados Sinaloa,León,10
Dorados Sinaloa,Monterrey,9
Dorados Sinaloa,Querétaro FC,15
Dorados Sinaloa,Tiburones Rojos,10
Dorchester,Exeter City,13
Drnovice,Marila Pribram,10
Dubnica,Banska Bystrica,11
Dubnica,MSK Zilina,12
Dubnica,Spartak Myjava,12
Dukla Prague,Bohemians 1905,12
Dukla Prague B,Dukla Prague,20
Dunajska Streda,ETO FC Győr ,18
Dunajska Streda,STK Samorin,18
Dunajska Streda,Slo. Bratislava,12
Dundee FC,Arbroath,9
Dundee FC,Brechin City,9
Dundee FC,Celtic,13
Dundee FC,Dunfermline A.,10
Dundee FC,Falkirk,11
Dundee FC,Forfar Athletic,11
Dundee FC,Hibernian FC,11
Dundee FC,Montrose,10
Dundee FC,Peterhead,9
Dundee FC,Raith Rovers,11
Dundee FC,Rangers,10
Dunfermline A.,Dundee FC,17
Dunfermline A.,Inverness CT,10
Dunfermline A.,Morton,9
Dunfermline A.,Raith Rovers,12
Dunfermline A.,Ross County,10
Dunfermline A.,St. Mirren,9
Duque de Caxias,Boavista,16
Duque de Caxias,Fluminense,9
Dynamo 2 ,Dynamo Moscow,9
Dynamo Dresden,1.FC Nuremberg,11
Dynamo Dresden,Hallescher FC,9
Dynamo Kyiv,Arsenal Kyiv,14
Dynamo Kyiv,Chornomorets,20
Dynamo Kyiv,Dnipro,22
Dynamo Kyiv,FC Oleksandriya,11
Dynamo Kyiv,Vorskla Poltava,11
Dynamo Kyiv,Zorya Lugansk,22
Dynamo-2 Kyiv,Dynamo Kyiv,25
Dynamo-2 Kyiv,Goverla,12
Dynamo-2 Kyiv,Zakarpattya,14
Dynamo-3 Kyiv,Dynamo-2 Kyiv,27
E. Frankfurt,1.FC K'lautern,12
E. Frankfurt,FC Schalke 04,10
EA Guingamp B,Guingamp,59
EC Bahia,Atlético-GO,10
EC Bahia,Atlético-MG,11
EC Bahia,Ceará SC,11
EC Bahia,Corinthians,22
EC Bahia,Cruzeiro,16
EC Bahia,Flamengo,13
EC Bahia,Fluminense,12
EC Bahia,Fortaleza,9
EC Bahia,Grêmio,13
EC Bahia,Internacional,16
EC Bahia,Palmeiras,12
EC Bahia,Tombense,9
EC Bahia,Vasco da Gama,11
EC Vitória,ABC FC,14
EC Vitória,Atlético-GO,10
EC Vitória,Atlético-MG,12
EC Vitória,Botafogo,9
EC Vitória,CRB,11
EC Vitória,Chapecoense,9
EC Vitória,Confiança,9
EC Vitória,Coritiba FC,15
EC Vitória,Cruzeiro,31
EC Vitória,Figueirense FC,9
EC Vitória,Flamengo,10
EC Vitória,Internacional,12
EC Vitória,Ituano,12
EC Vitória,Jacuipense-BA,11
EC Vitória,Joinville-SC,10
EC Vitória,Mirassol-SP,12
EC Vitória,Náutico,10
EC Vitória,Palmeiras,22
EC Vitória,Paraná,9
EC Vitória,Ponte Preta,12
EC Vitória,Portuguesa,9
EC Vitória,Santa Cruz-PE,10
EC Vitória,São Paulo,10
ESTAC Troyes B,Troyes,56
ETO FC Győr ,BFC Siófok,12
ETO FC Győr ,DAC 1912 FC,12
ETO FC Győr ,Diósgyőr,9
ETO FC Győr ,Dunajska Streda,15
ETO FC Győr ,Gyirmót FC,11
ETO FC Győr ,Haladás,10
ETO FC Győr ,Honvéd,10
ETO FC Győr ,Kaposvár,9
ETO FC Győr ,Nyíregyháza,10
ETO FC Győr ,Paksi FC,11
ETO FC Győr ,Zalaegerszeg,9
East Fife,Heart of Midl.,9
El Paso Youth,El Paso,11
Elazigspor ,Ankaragücü,9
Elazigspor ,Dardanelspor,9
Elazigspor ,Göztepe,9
Elche CF,CD Alcoyano,9
Elche CF,Córdoba CF,12
Elche CF,RCD Mallorca,11
Elche Ilicitano,Elche CF,26
Elfsborg,GAIS,12
Elgin City,Inverness CT,12
Elgin City,Ross County,12
Envigado,Atl. Nacional,9
Epinal B,SAS Epinal,10
Erciyesspor,Kayserispor,9
Ergotelis,Olympiacos,15
Erzurumspor,Diyarbakirspor,10
Esbjerg fB,FC Fredericia,9
Esbjerg fB,Silkeborg IF,10
Espanyol,Alavés,10
Espanyol,Real Madrid,11
Espanyol,Villarreal,9
Espanyol Youth,Barça Youth,17
Estoril,Desp. Brasil,13
Estoril,Sporting CP,16
Estudiantes,Dep. Riestra,9
Estudiantes LP,Aldosivi,10
Estudiantes LP,Boca Juniors,16
Estudiantes LP,Defensa,11
Estudiantes LP,Newell's,10
Estudiantes LP,Quilmes,11
Estudiantes LP,River Plate,9
Eto'o Academy,Barça Youth,10
Etoile Carouge,Servette FC,28
Etoile Carouge,Stade Nyonnais,11
Evergrande FS,GuaZ FC,11
Everton,Blackpool,9
Everton,Man City,10
Everton,Sunderland,11
Excelsior,Feyenoord,49
Exeter City,Bath City,12
Exeter City,Dorchester,12
Exeter City,Tiverton,20
Exeter City,Torquay,11
Exeter City,Truro City FC,11
Exeter City,Weston-super-M.,14
Extremadura B,Extremadura,10
Eyüpspor,Alibeyköy,12
Eyüpspor,Pendikspor ,25
FBK Kaunas,Heart of Midl.,21
FC Aarau,BSC Young Boys,9
FC Aarau,FC Baden 1897,27
FC Aarau,FC Basel,12
FC Aarau,FC Luzern,9
FC Aarau,FC Wil 1900,9
FC Aarau,FC Winterthur,9
FC Aarau,FC Wohlen,19
FC Aarau,Grasshoppers,15
FC Aarau,Neuchâtel Xamax,9
FC Annecy B,FC Annecy,16
FC Ascona,FC Locarno,11
FC Augsburg,F. Düsseldorf,9
FC Augsburg,VfL Wolfsburg,10
FC Baden 1897,FC Aarau,21
FC Baden 1897,FC Wohlen,12
FC Baden 1897,SC YF Juventus,12
FC Baden Yth.,FC Baden 1897,17
FC Basel,Concordia BS,9
FC Basel,FC Aarau,12
FC Basel,FC Vaduz,10
FC Basel,FC Winterthur,15
FC Basel,Grasshoppers,10
FC Bassecourt,SR Delémont,12
FC Baulmes,Yverdon Sport,9
FC Biel-Bienne,BSC Young Boys,11
FC Biel-Bienne,FC Breitenrain,11
FC Biel-Bienne,FC Grenchen,9
FC Biel-Bienne,Neuchâtel Xamax,13
FC Cartagena,CD Leganés,10
FC Chiasso,AC Bellinzona,27
FC Chiasso,FC Lugano,31
FC Chiasso,FC Mendrisio,13
FC Chiasso,FC Sion,11
FC Clivense SM,Chievo Verona,9
FC Dordrecht,ADO Den Haag,12
FC Dordrecht,Excelsior,10
FC Dordrecht,Feyenoord,14
FC Dornbirn,A. Lustenau,10
FC Emmen,FC Groningen,11
FC Empoli,AC Milan,13
FC Empoli,Brescia,10
FC Empoli,Cagliari,11
FC Empoli,Carrarese,10
FC Empoli,Chievo Verona,9
FC Empoli,Fiorentina,19
FC Empoli,Gavorrano,9
FC Empoli,Inter,11
FC Empoli,Juventus,21
FC Empoli,Lucchese,9
FC Empoli,Napoli,19
FC Empoli,Parma,11
FC Empoli,Pistoiese,11
FC Empoli,Sampdoria,20
FC Empoli,Sassuolo,12
FC Empoli,Spezia Calcio,9
FC Empoli,Torino,14
FC Fredericia,FC Midtjylland,22
FC Grenchen,FC Biel-Bienne,11
FC Groningen,Ajax,10
FC Groningen,BV Veendam,10
FC Groningen,FC Emmen,14
FC Groningen,SC Cambuur,10
FC Gueugnon B,FC Gueugnon,19
FC Ingolstadt,Heidenheim,9
FC Juárez,El Paso,11
FC Liefering,LASK,10
FC Liefering,RB Salzburg,65
FC Locarno,AC Bellinzona,14
FC Locarno,FC Ascona,12
FC Locarno,FC Chiasso,12
FC Locarno,FC Lugano,12
FC Lorient,AC Ajaccio,12
FC Lorient,Marseille,13
FC Lorient,Saint-Étienne,10
FC Lugano,AC Bellinzona,20
FC Lugano,FC Chiasso,35
FC Lugano,FC Schaffhausen,10
FC Lugano,FC Sion,10
FC Lugano,FC Wil 1900,11
FC Lugano,FC Zürich,11
FC Lugano,Genoa,15
FC Lugano,Grasshoppers,15
FC Luzern,BSC Young Boys,12
FC Luzern,FC Aarau,12
FC Luzern,FC Lugano,9
FC Luzern,FC Winterthur,9
FC Luzern,FC Wohlen,12
FC Luzern,Grasshoppers,11
FC Luzern,SC Kriens,22
FC Mariupol,Shakhtar D.,22
FC Mendrisio,FC Chiasso,9
FC Metz,LB Châteauroux,9
FC Metz,Monaco,9
FC Metz,R. Strasbourg,9
FC Metz,RFC Seraing,20
FC Metz,Troyes,11
FC Metz B,FC Metz,77
FC Metz B,RFC Seraing,12
FC Midtjylland,AC Horsens,18
FC Midtjylland,FC Fredericia,22
FC Midtjylland,Mafra,11
FC Midtjylland,Skive IK,11
FC Midtjylland,SönderjyskE,9
FC Midtjylland,Vejle BK,12
FC Midtjylland,Viborg FF,9
FC Montréal,Montreal,10
FC Moutier,SR Delémont,12
FC Nantes B,FC Nantes,91
FC Oleksandriya,Shakhtar D.,9
FC Olten,FC Wangen b. O.,9
FC Paradiso,AC Taverne,11
FC Paradiso,Collina d'Oro,11
FC Porto,Atlético Madrid,9
FC Porto,CF Estrela ,13
FC Porto,Coimbra,19
FC Porto,Cruzeiro,9
FC Porto,FC Porto B,15
FC Porto,Gil Vicente,10
FC Porto,Olhanense,9
FC Porto,Penafiel,9
FC Porto,Portimonense,20
FC Porto,Rio Ave,14
FC Porto,SC Braga,25
FC Porto,Vit. Guimarães,24
FC Porto,Vitória Setúbal,25
FC Porto B,FC Porto,46
FC Rouen B,FC Rouen 1899,12
FC Schaffhausen,AC Bellinzona,12
FC Schaffhausen,FC Winterthur,13
FC Schaffhausen,FC Zürich,9
FC Schaffhausen,Grasshoppers,20
FC Schalke 04,1.FSV Mainz 05,9
FC Schalke 04,E. Frankfurt,9
FC Schötz,SC Kriens,10
FC Schötz,SC Zofingen,9
FC Seoul,Gwangju Sangmu,9
FC Seoul,Gyeongnam FC,9
FC Seoul,Sangju Sangmu,10
FC Sion,AC Bellinzona,13
FC Sion,FC Aarau,10
FC Sion,FC Basel,11
FC Sion,FC Chiasso,9
FC Sion,FC Lugano,9
FC Sion,Lausanne-Sport,12
FC Sion,Servette FC,16
FC Sion,Yverdon Sport,17
FC Sochaux,LB Châteauroux,9
FC Sochaux B,FC Sochaux,85
FC St. Gallen,FC Aarau,9
FC St. Gallen,FC Vaduz,16
FC St. Gallen,FC Wil 1900,12
FC St. Gallen,FC Winterthur,9
FC St. Gallen,Grasshoppers,10
FC Thun,BSC Young Boys,22
FC Thun,FC Luzern,9
FC Thun,FC Winterthur,11
FC Tokyo,Cerezo Osaka,9
FC Tokyo,Monte. Yamagata,9
FC Tucson,Phoenix Rising,10
FC Vaduz,FC Winterthur,9
FC ViOn,MSK Zilina,10
FC ViOn,Spartak Trnava,9
FC Villarreal C,Villarreal CF B,94
FC Wangen b. O.,FC Olten,9
FC Wil 1900,FC Aarau,11
FC Wil 1900,FC Basel,12
FC Wil 1900,FC Lugano,11
FC Wil 1900,FC Schaffhausen,9
FC Wil 1900,FC St. Gallen,19
FC Wil 1900,FC Wohlen,9
FC Wil 1900,FC Zürich,17
FC Winterthur,FC Aarau,9
FC Winterthur,FC Basel,11
FC Winterthur,FC Schaffhausen,21
FC Winterthur,FC Thun,10
FC Winterthur,FC Vaduz,11
FC Winterthur,FC Zürich,9
FC Winterthur,Grasshoppers,10
FC Winterthur,SC YF Juventus,12
FC Wohlen,FC Aarau,14
FC Wohlen,FC Baden 1897,15
FC Wohlen,FC Luzern,10
FC Wohlen,FC Muri,9
FC Wohlen,Grasshoppers,10
FC Wohlen,SC Kriens,11
FC Wohlen,SC YF Juventus,11
FC Wohlen Youth,FC Wohlen,12
FC Zürich,AC Bellinzona,9
FC Zürich,FC Aarau,9
FC Zürich,FC Lugano,10
FC Zürich,FC Schaffhausen,12
FC Zürich,FC Wil 1900,16
FC Zürich,FC Winterthur,10
FCC Basel Yth.,Concordia BS,9
FK Novgorod,Volga NN,9
FK Sochi,Zenit S-Pb,14
Fafe,Moreirense ,9
Fagiano Okayama,F. Okayama NEXT,9
Fagiano Okayama,Matsumoto Yama.,11
Falkirk,Dundee FC,9
Falkirk,St. Johnstone,11
Falkirk,Stirling Albion,11
Famalicão S15,Famalicão S17,27
Famalicão S17,Famalicão Y19,31
Famalicão Y19,Famalicão,12
Famalicão Yo,Famalicão S15,14
Fano Giovanili,AJ Fano,21
Farense Youth,SC Farense Y15,18
Feirense,Boavista,12
Feirense,Chaves,9
Feirense CJ,Feirense Sub-15,31
Feirense Sub-15,Feirense Sub-17,33
Felgueiras Y15,Felgueiras Y17,9
Fenerbahce,Antalyaspor,10
Fenerbahce,Basaksehir,11
Fenerbahce,Karagümrük,17
Fenerbahce,Kayserispor,9
Fenerbahce,Konyaspor,9
Fenerbahce,Sivasspor,9
Ferencváros,BFC Siófok,10
Ferencváros,Debrecen,9
Ferencváros,Soroksár,32
Fermana,Carpi,16
Fermana,Montegiorgio,11
Fermana,Pro Vercelli,20
Fermana Youth,Fermana,13
Ferro,Defensa,9
Ferroviária,Atlético-PR,17
Ferroviária,Botafogo-SP,9
Ferroviária,Mirassol-SP,10
Ferroviário,Ceará SC,9
Fethiyespor,Pendikspor ,11
Fethiyespor Yth,Fethiyespor,12
Feyenoord,ADO Den Haag,9
Feyenoord,De Graafschap,10
Feyenoord,Excelsior,45
Feyenoord,FC Dordrecht,14
Feyenoord,Heerenveen,9
Feyenoord,NAC Breda,13
Feyenoord,NEC Nijmegen,10
Feyenoord,RKC Waalwijk,13
Feyenoord,Twente FC,10
Figueirense FC,Atlético-MG,11
Figueirense FC,Atlético-PR,10
Figueirense FC,Corinthians,9
Figueirense FC,EC Vitória,9
Figueirense FC,Flamengo,9
Figueirense FC,Grêmio,12
Figueirense FC,Internacional,16
Figueirense FC,Londrina-PR,9
Figueirense FC,Náutico,9
Figueirense FC,Palmeiras,9
Figueirense FC,Ponte Preta,9
Figueirense FC,Tombense,43
Fiorentina,AC Milan,12
Fiorentina,Arezzo,9
Fiorentina,Bari,9
Fiorentina,Cagliari,11
Fiorentina,FC Empoli,16
Fiorentina,Genoa,10
Fiorentina,Hellas Verona,13
Fiorentina,Juventus,17
Fiorentina,Napoli,12
Fiorentina,Parma,9
Fiorentina,Salernitana,10
Fiorentina,Sampdoria,12
Fiorentina,Spezia Calcio,9
Fiorentina,Ternana,12
Fiorenzuola,Pisa,11
Fiorenzuola G.,Fiorenzuola,17
Fire Academy,Chicago,13
Flamengo,Atlético-PR,11
Flamengo,Boavista,11
Flamengo,Corinthians,9
Flamengo,Coritiba FC,15
Flamengo,Cruzeiro,22
Flamengo,Duque de Caxias,9
Flamengo,EC Bahia,17
Flamengo,EC Vitória,9
Flamengo,Figueirense FC,11
Flamengo,Fluminense,10
Flamengo,Grêmio,19
Flamengo,Internacional,9
Flamengo,Palmeiras,10
Flamengo,Santos,14
Flamengo,São Paulo,11
Flamengo B,Flamengo,24
Flamengo-SP,Corinthians B,9
Fleetwood,Blackpool,9
Fleetwood,Fylde,10
Fleetwood,Salford,9
Fleetwood,Stockport,12
Fleetwood,Wrexham,9
Fluminense,Atlético-GO,11
Fluminense,Atlético-MG,10
Fluminense,Atlético-PR,12
Fluminense,Botafogo-SP,12
Fluminense,Ceará SC,9
Fluminense,Corinthians,9
Fluminense,Coritiba FC,13
Fluminense,Cruzeiro,10
Fluminense,Desp. Brasil,12
Fluminense,EC Bahia,13
Fluminense,EC Vitória,9
Fluminense,Flamengo,13
Fluminense,Goiás,14
Fluminense,Grêmio,13
Fluminense,Internacional,9
Fluminense,Juventude,14
Fluminense,Náutico,12
Fluminense,Ponte Preta,10
Fluminense,Santos,12
Fluminense,São Paulo,17
Fluminense,Tombense,12
Fløy,Start,12
Foggia,Benevento,11
Foggia,Cosenza,9
Foggia,Novara,12
Foggia,Salernitana,11
Foggia,Taranto,10
Fondi,Parma,9
Forest,Aston Villa,12
Forest,Barnsley,9
Forest,Cardiff,9
Forest,Crystal Palace,10
Forest,Lincoln City,13
Forest,Mansfield Town,10
Forest,Middlesbrough,10
Forest,Newcastle,14
Forest,Norwich,9
Forest,Notts County,13
Forest,Olympiacos,13
Forest,QPR,9
Forest,Rotherham,9
Forest,Watford,11
Forest Green,Bristol Rovers,11
Forest Green,Cheltenham,9
Forest Green,Gloucester,10
Forest Green,Torquay,11
Forfar Athletic,Aberdeen FC,10
Forlì,Cesena,18
Fortaleza,Atlético-MG,11
Fortaleza,Atlético-PR,9
Fortaleza,Botafogo,9
Fortaleza,Ceará SC,9
Fortaleza,Coritiba FC,12
Fortaleza,Internacional,9
Fortaleza,Juventude,9
Fortaleza,Tombense,13
Fortaleza,Vila Nova FC,9
Fotbal Trinec,Banik Ostrava,9
Francavilla Y.,V. Francavilla,10
Freamunde,Chaves,9
Fredrikstad Yth,Fredrikstad,15
Frosinone,Atalanta BC,11
Frosinone,Genoa,15
Frosinone,Pescara,12
Frosinone,Sassuolo,13
Frydek-Mistek,1.SK Prostejov,11
Frydek-Mistek,Banik Ostrava,11
Frydek-Mistek,Banik Ostrava B,15
Fulham,Barnsley,9
Fulham,Birmingham,9
Fulham,Chelsea,10
Fulham,QPR,10
Fulham,Tottenham,9
Füchse Yth.,Hertha BSC Yth.,11
G. Bordeaux,Angers SCO,10
G. Bordeaux B,G. Bordeaux,87
G.Birligi Yth,Hacettepe Yth,22
G.Osmanpasa Yth,Gaziosmanpasa,22
GAIS,Ljungskile SK,10
GAK Youth,Sturm Graz Yth,10
GB Asasspor,Genclerbirligi,10
GB Oftasspor,Genclerbirligi,10
GBS Academy,AS Trencin,9
GD Tourizense,Coimbra,15
GIF Sundsvall,AIK,10
GKS Katowice,Cracovia,9
GKS Katowice,Górnik Zabrze,13
GKS Katowice,Lech Poznan,9
GKS Katowice,Polonia Bytom,10
GKS Katowice,Rozwój Katowice,9
GKS Katowice,Ruch Chorzow,12
GKS Tychy,Ruch Chorzow,10
GO Audax,Audax-RJ,20
GO Audax,Oeste,16
GS Kallithea,AO Egaleo,9
GS Kallithea,Panionios,9
GSI Pontivy,St-Co Locminé,10
GZ City Res.,GZ R&F,10
GZ Evergrande,GuaZ FC Res.,24
GZ R&F,GZ City Res.,14
Gainsborough,Doncaster,9
Galatasaray,Antalyaspor,12
Galatasaray,Bursaspor,14
Galatasaray,C. Rizespor,15
Galatasaray,Eyüpspor,12
Galatasaray,Gaziantepspor,11
Galatasaray,Kayserispor,10
Gallos Tijuana,Celaya,14
Gamba Osaka,Vissel Kobe,9
Gamba Osaka,Yokohama FC,9
Gangwon FC,Seongnam FC,9
Gaskispor,Gaziantep BB,20
Gateshead,Blyth Spartans,13
Gateshead,Spennymoor Town,11
Gaziantep BB,Gaskispor,11
Gaziantep BB,Gaziantepspor,31
Gaziantepspor,Besiktas,13
Gaziantepspor,Fenerbahce,9
Gaziantepspor,Galatasaray,10
Gaziantepspor,Gaziantep BB,25
Gaziantepspor,Trabzonspor,11
Genclerbirligi,Antalyaspor,17
Genclerbirligi,Besiktas,11
Genclerbirligi,Boluspor,10
Genclerbirligi,Bursaspor,9
Genclerbirligi,Elazigspor ,11
Genclerbirligi,Fenerbahce,11
Genclerbirligi,GB Oftasspor,10
Genclerbirligi,Hacettepe,96
Genclerbirligi,Hacettepe 1945 ,11
Genclerbirligi,Kasimpasa,9
Genclerbirligi,Samsunspor,9
Genclerbirligi,Trabzonspor,9
Genoa,AC Milan,32
Genoa,AC Siena,15
Genoa,AS Roma,16
Genoa,Ascoli,10
Genoa,Atalanta BC,15
Genoa,Avellino,10
Genoa,Bari,19
Genoa,Benevento,10
Genoa,Bologna,9
Genoa,Brescia,17
Genoa,Cesena,17
Genoa,Chievo Verona,25
Genoa,Como,9
Genoa,Cremonese,15
Genoa,FC Lugano,13
Genoa,Fiorentina,15
Genoa,Frosinone,17
Genoa,Hellas Verona,19
Genoa,Inter,23
Genoa,Juventus,26
Genoa,Lazio,13
Genoa,Lecce,9
Genoa,Padova,9
Genoa,Parma,14
Genoa,Pescara,10
Genoa,Reggiana,11
Genoa,Reggina,13
Genoa,Salernitana,14
Genoa,Sassuolo,18
Genoa,Spezia Calcio,11
Genoa,Torino,12
Genoa,Vicenza,14
Genêts Anglet,Bayonne,11
Gernika,Arenas Club,11
Getafe,Albacete,10
Getafe,Real Madrid,10
Getafe,Sevilla FC,10
Getafe,Valencia,11
Getafe CF B,Getafe,13
Giana Giovanili,Giana Erminio,13
Gil Vicente,Boavista,10
Gil Vicente,FC Porto,9
Gil Vicente,Leixões,9
Gil Vicente,Paços Ferreira,10
Gil Vicente,SC Braga,20
Gil Vicente,Vilaverdense,11
Gillingham,Charlton,11
Gillingham,Dag & Red FC,12
Gillingham,QPR,13
Gillingham,Stevenage,9
Gimcheon Sangmu,FC Seoul,9
Gimcheon Sangmu,Jeonbuk Hyundai,11
Gimcheon Sangmu,Pohang Steelers,10
Gimcheon Sangmu,Suwon Bluewings,10
Gimnasia,Boca Juniors,10
Gimnasia,Racing Club,11
Giresunspor,Boluspor,14
Giresunspor,Pazarspor ,9
Girona,Man City,18
Girona FC B,Girona,19
Giulianova,Santegidiese,9
Gloucester,Bristol Rovers,9
Go Ahead Eagles,AZ Alkmaar,10
Godoy Cruz,Argentinos Jrs.,12
Godoy Cruz,Arsenal Sarandí,9
Godoy Cruz,Defensa,18
Godoy Cruz,Independiente,9
Godoy Cruz,Lanús,9
Godoy Cruz,Newell's,9
Godoy Cruz,Racing Club,9
Godset Yth. ,Strømsgodset,21
Goiás,Aparecidense,25
Goiás,Atlético-MG,10
Goiás,Botafogo,9
Goiás,Corinthians,9
Goiás,Coritiba FC,12
Goiás,Cruzeiro,11
Goiás,EC Vitória,10
Goiás,Fluminense,11
Goiás,Internacional,15
Goiás,Mirassol-SP,9
Goiás,Náutico,11
Goiás,Palmeiras,12
Goiás,Ponte Preta,11
Goiás,Sport Recife,11
Goiás,São Paulo,15
Goiás,Vila Nova FC,10
Goiás B,Aparecidense,11
Goiás B,Goiás,39
Gondomar,Boavista,17
Gondomar,Trofense,10
Gondomar B,Gondomar,27
Gondomar Sub-15,Gondomar Sub-17,25
Gondomar Yth,Gondomar Sub-15,18
Goverla,Dynamo-2 Kyiv,12
Granada CF,CD Leganés,9
Granada CF,CD Lugo,10
Granada CF,Cádiz CF,22
Granada CF,Real Valladolid,10
Granada CF,Watford,16
Grasshoppers,BSC Young Boys,14
Grasshoppers,FC Aarau,18
Grasshoppers,FC Basel,17
Grasshoppers,FC Lugano,14
Grasshoppers,FC Schaffhausen,23
Grasshoppers,FC Winterthur,13
Grasshoppers,FC Wohlen,14
Grasshoppers,Wolves,11
Grays Athletic,Dag & Red FC,12
Greenville,Carolina Elite,9
Grenoble B,Grenoble,26
Greuther Fürth,TSG Hoffenheim,11
Grimsby Town,Barnsley,11
Grimsby Town,Hull City,9
Grimsby Town,York City,12
Grodzisk,Pol. Warsaw,11
Grêmio,Avaí FC,16
Grêmio,Botafogo,15
Grêmio,Caxias-RS,12
Grêmio,Chapecoense,12
Grêmio,Corinthians,13
Grêmio,Coritiba FC,13
Grêmio,Criciúma EC,10
Grêmio,Cruzeiro,18
Grêmio,EC Bahia,12
Grêmio,EC Vitória,12
Grêmio,Figueirense FC,17
Grêmio,Flamengo,14
Grêmio,Fluminense,11
Grêmio,Juventude,17
Grêmio,Náutico,9
Grêmio,Palmeiras,17
Grêmio,Ponte Preta,11
Grêmio,Portuguesa,9
Grêmio,Santos,13
Grêmio,Sport Recife,16
Grêmio,São Paulo,15
Grêmio,Vasco da Gama,11
Grêmio B,Grêmio,68
GuaZ FC,WH Three Towns,10
GuaZ FC Res.,GZ Evergrande,16
GuaZ FC Res.,GuaZ FC,10
Guarani,Atlético-MG,11
Guarani,Corinthians,10
Guarani,Coritiba FC,16
Guarani,Cruzeiro,13
Guarani,EC Vitória,9
Guarani,Internacional,10
Guarani,Ituano,11
Guarani,Juventude,9
Guarani,Mirassol-SP,13
Guarani,Náutico,11
Guarani,Palmeiras,15
Guarani,Santos,14
Guarani,São Paulo,9
Guarani,Tombense,17
Guarani B,Guarani,23
Guaratinguetá,GO Audax,11
Guillermo Brown,Quilmes,10
Guimarães B,Vit. Guimarães,46
Guingamp,FC Lorient,13
Gwangju Sangmu,FC Seoul,9
Gwangju Sangmu,Suwon Bluewings,12
Gyeongnam FC,FC Seoul,9
Gyirmót FC,Mosonmagyaróvár,11
Génération Foot,FC Metz,12
Génération Foot,FC Metz B,11
Górnik Polkowice,Zaglebie Lubin,9
Górnik Zabrze,GKS Katowice,23
Górnik Zabrze,Nieciecza,9
Górnik Zabrze,Radzionkow,10
Górnik Zabrze,Wisla Plock,9
Göztepe,Adana Demirspor,9
Göztepe,Altay SK,9
Göztepe,Bandirmaspor,11
Göztepe,Sariyer,9
Göztepe Yth,Göztepe,17
HB CFFC,HB FC Res.,11
HIF Akademi,Helsingborgs IF,15
HJK Klubi 04,HJK Helsinki,14
HN Jianye,Henan FC Res.,9
HNK Gorica,Dinamo Zagreb,11
HNK Gorica,NK Kurilovec,10
HNK Rijeka,Dinamo Zagreb,17
HNK Rijeka,Hrv Dragovoljac,9
HNK Rijeka,NK Istra,12
HNK Rijeka,NK Pomorac,9
HNK Rijeka,Spezia Calcio,10
HNK Sibenik,Dinamo Zagreb,12
HNK Sibenik,Hajduk Split,19
Hacettepe,Ankara Adliye,10
Hacettepe,Genclerbirligi,121
Hacettepe 1945 ,Genclerbirligi,10
Hacettepe Yth,G.Birligi Yth,19
Hajduk Split,HNK Sibenik,18
Hajduk Split,NK Varazdin,9
Hajduk Split,NK Zadar ,9
Haladás,FC Ajka,11
Haladás,Gyirmót FC,9
Haladás,Lombard Pápa ,12
Haladás,MTK Budapest,10
Haladás,Mezőkövesd,15
Haladás,Soproni VSE,15
Haladás,Zalaegerszeg,17
Haladás MÁV,Soproni VSE,10
HamKam Yth.,HamKam,11
Hammarby,Hammarby TFF,22
Hammarby,IK Frej Täby,12
Hammarby TFF,Hammarby,34
Hannover 96,1.FC Köln,10
Hannover 96,Arm. Bielefeld,9
Hannover 96,TSG Hoffenheim,9
Hannover Yth.,Wolfsburg Yth.,11
Harrisburg City,Philadelphia,20
Hartberg Yth.,TSV Hartberg,11
Hartlepool,Sunderland,9
Haugesund,Vard,16
Haugesund Yth.,Haugesund,16
Havant & Water.,Portsmouth,9
Heart of Midl.,Cowdenbeath,9
Heart of Midl.,Dunfermline A.,11
Heart of Midl.,East Fife,9
Heart of Midl.,FBK Kaunas,11
Heart of Midl.,Falkirk,9
Heart of Midl.,Kilmarnock FC,11
Heart of Midl.,Livingston FC,15
Heart of Midl.,Motherwell FC,9
Heart of Midl.,Raith Rovers,17
Heart of Midl.,Rangers,10
Heart of Midl.,St. Johnstone,10
Hearts FC B,Heart of Midl.,10
Heerenveen,Ajax,10
Heerenveen,FC Emmen,9
Heerenveen,Feyenoord,12
Heerenveen,Go Ahead Eagles,9
Heerenveen,Heracles Almelo,11
Heerenveen,NEC Nijmegen,9
Hellas Verona,AS Roma,14
Hellas Verona,Atalanta BC,13
Hellas Verona,Bologna,13
Hellas Verona,Brescia,12
Hellas Verona,Cagliari,10
Hellas Verona,Chievo Verona,12
Hellas Verona,Cremonese,12
Hellas Verona,Fiorentina,13
Hellas Verona,Genoa,19
Hellas Verona,Juventus,15
Hellas Verona,Lazio,10
Hellas Verona,Mantova,16
Hellas Verona,Napoli,11
Hellas Verona,Perugia,11
Hellas Verona,Pescara,9
Hellas Verona,Salernitana,11
Hellas Verona,Sampdoria,16
Hellas Verona,Spezia Calcio,13
Hellas Verona,Ternana,9
Hellas Verona,Virtus Lanciano,9
Helmond Sport,KV Mechelen,9
Helmond Sport,VVV-Venlo,11
Helsingborgs IF,Landskrona,9
Helsingborgs IF,Ängelholms FF,21
Hemel,Billericay,9
Heracles Almelo,FC Emmen,9
Heracles Almelo,Go Ahead Eagles,9
Heracles Almelo,Twente FC,10
Herfölge BK,HB Köge,10
Hibernian B,Hibernian FC,10
Hibernian FC,Celtic,18
Hibernian FC,Dundee FC,12
Hibernian FC,Livingston FC,11
Hibernian FC,Partick Thistle,11
Hibernian FC,Raith Rovers,13
Hibernian FC,Rangers,10
Hibernian FC,St. Johnstone,13
Holstein Kiel,VfL Osnabrück,10
Honvéd,BFC Siófok,19
Honvéd,Diósgyőr,9
Honvéd,ETO FC Győr ,9
Honvéd,Kaposvár,9
Honvéd,Kecskeméti TE,9
Honvéd,Paksi FC,14
Honvéd,Zalaegerszeg,10
Hoogstraten VV,Zwarte Leeuw,10
Houston,RGV FC Toros,36
Houston 2,Houston Academy,10
Houston Academy,Houston 2,16
Hradec Kr. B,Chlumec n/Cidl.,11
Hradec Kralove,Bohemians 1905,10
Hradec Kralove,Viktoria Plzen,11
Hrv Dragovoljac,NK Lokomotiva,24
Hrv Dragovoljac,NK Rudes,20
Huachipato,Colo-Colo,9
Huddersfield,Bradford,12
Huddersfield,Bury,13
Huddersfield,Fleetwood,10
Huddersfield,Forest,10
Huddersfield,Oldham Athletic,9
Hull City,Derby,10
Hull City,Grimsby Town,10
Humenne,Tatran Presov,9
Huracán,Boca Juniors,11
Huracán,Lanús,10
Huracán,Racing Club,13
Huracán,River Plate,9
Hércules CF,CD Alcoyano,13
Hércules CF,Gimnàstic,10
Hércules CF B,Hércules CF,19
Hévíz SK,Zalaegerszeg,14
IC de Croix,Wasquehal,10
IFK Östersund,Östersund,15
IK Frej Täby,Hammarby,13
IK Start Youth,Start,17
Igdir FK,Corum FK,13
Illichivets,Shakhtar D.,21
Ilysiakos,AE Larisa,9
Indep. Santa Fe,Atl. Nacional,11
Independiente,Argentinos Jrs.,11
Independiente,Belgrano,9
Independiente,Defensa,13
Independiente,Huracán,9
Independiente,Newell's,9
Independiente,Olimpo,10
Independiente,River Plate,9
Independiente B,Independiente,19
Indiana Fire,Indy Eleven,10
Indios,Pachuca,12
Indy Eleven,Indiana Fire,9
Inegölspor Yth,Inegölspor,12
Instituto ACC,Argentinos Jrs.,9
Inter,AC Milan,9
Inter,AC Parma,9
Inter,AS Livorno,10
Inter,AS Roma,13
Inter,Ancona,9
Inter,Atalanta BC,12
Inter,Bologna,21
Inter,Cagliari,20
Inter,Chelsea,10
Inter,Chievo Verona,13
Inter,Cremonese,11
Inter,FC Empoli,9
Inter,Genoa,26
Inter,Lazio,10
Inter,Monza,14
Inter,Parma,18
Inter,Prato,10
Inter,Reggina,10
Inter,Sampdoria,23
Inter,Sassuolo,12
Inter,Spezia,12
Inter,Ternana,12
Inter,Torino,14
Inter,Vicenza,11
Inter B,Internacional,48
Inter Bratislava,AS Trencin,12
Inter Youth,Como Youth,16
Inter Youth,Monza Giovanili,11
Inter Youth,Novara Youth,11
Inter Youth,Renate Gio,9
Inter Youth,Sesto Giovanili,13
Inter Zapresic,Dinamo Zagreb,19
Inter Zapresic,NK Lokomotiva,16
Inter Zapresic,Slaven Belupo,11
Internacional,Atlético-GO,18
Internacional,Avaí FC,12
Internacional,Botafogo,17
Internacional,Brasil Pelotas,9
Internacional,Ceará SC,16
Internacional,Chapecoense,13
Internacional,Corinthians,9
Internacional,Coritiba FC,16
Internacional,Criciúma EC,18
Internacional,Cruzeiro,12
Internacional,EC Bahia,21
Internacional,EC Vitória,16
Internacional,Figueirense FC,14
Internacional,Fluminense,13
Internacional,Fortaleza,12
Internacional,Goiás,15
Internacional,Juventude,11
Internacional,Náutico,14
Internacional,Palmeiras,13
Internacional,Paraná,15
Internacional,Ponte Preta,11
Internacional,Portuguesa,12
Internacional,Santos,14
Internacional,Sport Recife,28
Internacional,São Paulo,10
Internacional,Vasco da Gama,21
Inverness CT,Aberdeen FC,9
Inverness CT,Brora Rangers,11
Inverness CT,Clachnacuddin,11
Inverness CT,Elgin City,13
Inverness CT,Livingston FC,9
Inverness CT,Ross County,14
Ipatinga FC,Cruzeiro,28
Ipswich,Charlton,11
Ipswich,Crystal Palace,10
Ipswich,Leicester,10
Ipswich,Millwall,10
Ipswich,Portsmouth,9
Iraklis,AE Larisa,10
Irapuato,Celaya,10
Irapuato,Tiburones Rojos,11
Iraty,Londrina-PR,17
Ischia,Casertana,9
Istanbulspor,Adanaspor,12
Istanbulspor,Eyüpspor,11
Istanbulspor,Galatasaray,9
Istres FC B,FC Istres,15
Ituano,Desp. Brasil,15
Ituano,Fortaleza,9
Ituano,Palmeiras,11
Ituano,Paraná,17
Ituano,Ponte Preta,11
Ituano,São Paulo,9
Ituano,Tombense,9
JK Viljandi,FC Flora,9
Jablonec,Slavia Prague,13
Jablonec,Sparta Prague,10
Jablonec 97,Sparta Prague,17
Jablonec B,Varnsdorf,12
Jacuipense-BA,EC Vitória,11
Jagiellonia,Korona Kielce,14
Jagiellonia,Raków,9
Jagiellonia,Wigry Suwalki,20
Jaguares,Atlante,9
Jaguares,León,9
Jaguares,Monarcas Morelia,13
Jaguares,Puebla FC,11
Jarota Jarocin,Warta Poznan,13
Jeonbuk Hyundai,Sangju Sangmu,12
Jeonbuk Hyundai,Suwon FC,15
Jihlava,Mlada Boleslav,9
Jihlava,Slavia Prague,9
Jihlava B,Jihlava,11
Joinville EC B,Joinville-SC,9
Joinville-SC,EC Vitória,9
Joinville-SC,Paraná,13
Joinville-SC,Paysandu,10
Joinville-SC,Tombense,9
Jong Genk,KRC Genk,12
Jong KAA Gent,KAA Gent,10
Jong KVM,KV Mechelen,14
Juniors OÖ,LASK,21
Juve Next Gen,Juventus,10
Juve Stabia ,Atalanta BC,10
Juventude,Brasil Pelotas,9
Juventude,Coritiba FC,10
Juventude,Criciúma EC,10
Juventude,Figueirense FC,10
Juventude,Fluminense,9
Juventude,Grêmio,23
Juventude,Guarani,9
Juventude,Internacional,14
Juventude,Mirassol-SP,9
Juventude,Palmeiras,14
Juventude,São Caetano,9
Juventude,Tombense,12
Juventude B,Juventude,24
Juventus,AC Siena,18
Juventus,Ascoli,9
Juventus,Atalanta BC,15
Juventus,Bari,10
Juventus,Bologna,21
Juventus,Cagliari,15
Juventus,Carrarese,10
Juventus,Cesena,10
Juventus,FC Crotone,11
Juventus,FC Empoli,18
Juventus,Fiorentina,18
Juventus,Genoa,28
Juventus,Hellas Verona,15
Juventus,Lazio,11
Juventus,Perugia,16
Juventus,Pescara,18
Juventus,Pro Vercelli,9
Juventus,Sampdoria,22
Juventus,Sassuolo,14
Juventus,Vicenza,11
Juventus Youth,Pro Vercelli Yo,12
Júbilo Iwata,Shonan Bellmare,9
K. Erciyesspor,C. Rizespor,10
K. Offenbach,FSV Frankfurt,10
K.misleny Yth.,Pécsi MFC Yth.,24
KAA Gent,Cercle Brugge,9
KAA Gent,KV Kortrijk,14
KAA Gent,KV Mechelen,9
KAA Gent,Standard Liège,11
KAA Gent,Waasland-Beveren,11
KAA Gent,Zulte Waregem,17
KKS Kalisz,Arka Gdynia,12
KRC Genk,Heusden-Zolder,9
KRC Genk Youth,Jong Genk,9
KS Samara,Anzhi,9
KS Samara,FK Sochi,9
KS Samara,Rubin Kazan,10
KS Samara,Spartak Moscow,22
KSZO Ostrowiec,Klimontowianka ,9
KV Kortrijk,KAA Gent,23
KV Kortrijk,RSC Anderlecht,10
KV Kortrijk,Zulte Waregem,9
KV Mechelen,Helmond Sport,10
KV Mechelen,KAA Gent,10
KV Mechelen,KVC Westerlo,10
KV Mechelen,Royal Antwerp,14
KV Mechelen,Standard Liège,10
KV Turnhout,Lierse SK,10
KVC Westerlo,KFC Houtvenne,9
KVC Westerlo,RSC Anderlecht,9
Kahramanmaras,Fethiyespor,11
Kalmar FF,J-Södra IF,9
Kalmar FF,Oskarshamns AIK,10
Kansas Academy,Swope Park,26
Kansas City,Swope Park,34
Karabükspor Yth,Karabükspor,9
Karagümrük,Fenerbahce,12
Kardemir Karabük,Ankara Demir,9
Kardemir Karabük,Iskenderun DC,12
Karlsruher SC,Erzgebirge Aue,10
Karlsruher SC,SC Freiburg,9
Karpaty Lviv,Shakhtar D.,16
Karpaty-2,Karpaty Lviv,14
Karsiyaka,Elazigspor ,10
Karsiyaka,Kardemir Karabük,10
Karsiyaka Yth,Karsiyaka,19
Karvina,Banik Ostrava,13
Karvina,Slavia Prague,9
Kashima Antlers,Cerezo Osaka,9
Kashima Antlers,Monte. Yamagata,13
Kashima Antlers,Shonan Bellmare,11
Kashima Antlers,Tokyo Verdy,9
Kashima Antlers,Vegalta Sendai,13
Kashiwa Reysol,Albirex Niigata,11
Kashiwa Reysol,Monte. Yamagata,11
Kashiwa Reysol,Shonan Bellmare,9
Kawasaki Front.,Monte. Yamagata,9
Kayserispor,Fenerbahce,9
Kayserispor,Galatasaray,11
Kayserispor,Genclerbirligi,9
Kayserispor,K. Erciyesspor,14
Kayserispor,Konyaspor,12
Kayserispor,Trabzonspor,13
Kazincbarcika,Diósgyőr,12
Kazincbarcika,FC Tiszaújváros	,12
Kazincbarcika,Mezőkövesd,10
Kazincbarcika,Putnok,12
Keciörengücü,Bugsas Spor,20
Kecskeméti TE,Debrecen,10
Kecskeméti TE,Vasas SC,9
Keflavík Yth.,Keflavík,9
Keskinspor,Altay SK,10
Kettering,Northampton,11
Khimki,Baltika,10
Khimki,Spartak Moscow,9
Khimki,Tom Tomsk,10
Khimki,Torpedo Moskau,10
Kilmarnock FC,Dunfermline A.,9
Kilmarnock FC,Queen o. t. S.,15
Kilmarnock FC,St. Mirren,12
Kocaelispor,Körfez FK,11
Konyaspor,A. Selcukspor,14
Konyaspor,Ankaragücü,12
Konyaspor,C. Rizespor,9
Konyaspor,Denizlispor,10
Konyaspor,Giresunspor,9
Konyaspor,Samsunspor,9
Koprivnica,Slaven Belupo,25
Korona Kielce,Cracovia,9
Korona Kielce,Gornik Leczna,9
Korona Kielce,LKS Lodz,9
Korona Kielce,Widzew Lodz,11
Kosice,Slavoj Trebisov,9
Kosice,Tatran Presov,9
Kozármisleny ,Pécsi MFC,39
Krasnodar,Arsenal Tula,9
Krasnodar 2,Krasnodar,24
Kristiansund,Molde FK,9
Kryvbas,Dnipro,46
Kryvbas,Dynamo Kyiv,10
Kryvbas,Karpaty Lviv,9
Kryvbas,Metalurg Z.,9
Kryvbas,Naftovyk,11
Kryvbas,Zorya Lugansk,10
Kuban Krasnodar,Anzhi,11
L'Aquila,Giulianova,11
L'Aquila,Pescara,12
LAFC,LV Lights,19
LAFC,Phoenix Rising,12
LAFC 2,LAFC,9
LAFC Academy,LAFC 2,12
LAFC Academy,LV Lights,12
LASK,Admira Wacker,10
LASK,Amateure OÖ,12
LASK,Austria Vienna,10
LASK,Blau Weiss Linz,9
LASK,Juniors OÖ,15
LASK,SV Ried,11
LB Châteauroux,FC Metz,10
LKS Lodz,Górnik Zabrze,10
LKS Lodz,Piotrcovia Piotrków Trybunalski,11
LKS Lodz,Tur Turek,10
LOSC Lille,Mouscron,16
LOSC Lille B,LOSC Lille,56
LOSC Lille B,Mouscron,20
LV Lights,LAFC,21
LV Lights,LAFC Academy,11
La Duchère B,Lyon La Duchère,13
La Piedad,Alacranes,9
Lagartos,Delfines,10
Landskrona,Malmö FF,12
Lanús,Arsenal Sarandí,16
Lanús,Atlanta,13
Lanús,Defensa,11
Lanús,Godoy Cruz,10
Lanús,Huracán,12
Lanús,Rosario Central,11
Latina Calcio,Parma,10
Lausanne-Sport,BSC Young Boys,10
Lausanne-Sport,ES Malley,10
Lausanne-Sport,Grasshoppers,10
Lausanne-Sport,Le Mont LS,15
Lausanne-Sport,Neuchâtel Xamax,10
Lausanne-Sport,OGC Nice,12
Lausanne-Sport,Servette FC,9
Lausanne-Sport,Stade Nyonnais,17
Lausanne-Sport,StadeLO,11
Lausanne-Sport,Yverdon Sport,15
Lazio,Atalanta BC,10
Lazio,Fiorentina,9
Lazio,Genoa,13
Lazio,Inter,19
Lazio,Juventus,13
Lazio,Salernitana,42
Lazio Youth,AS Rom Youth,12
Le Havre B,Le Havre AC,79
Le Mans FC B,Le Mans FC,34
Le Mont LS,Azzurri LS,9
Le Mont LS,Yverdon Sport,14
Lecce,AC Milan,12
Lecce,AS Roma,12
Lecce,Atalanta BC,9
Lecce,Catanzaro,10
Lecce,Fiorentina,10
Lecce,Paganese,10
Lecce,Parma,13
Lecce,Salernitana,9
Lecce,Sampdoria,10
Lecco,Atalanta BC,13
Lech Poznan,Arka Gdynia,9
Lech Poznan,GKS Katowice,9
Lech Poznan,Korona Kielce,9
Lech Poznan,Warta Poznan,17
Lech Poznan,Widzew Lodz,12
Lechia Gdansk,Jagiellonia,9
Leeds,Blackburn,10
Leeds,Hull City,9
Leeds,Millwall,10
Leeds,Stoke City,10
Leeds,Sunderland,12
Leeds,Swindon Town,9
Leeds,Tottenham,13
Legia Warszawa,Arka Gdynia,13
Legia Warszawa,Dolcan Zabki,9
Legia Warszawa,LKS Lodz,9
Legia Warszawa,Piast Gliwice,14
Legia Warszawa,Ruch Chorzow,9
Legia Warszawa,Z. Sosnowiec,9
Legnago Gio.,Legnago,10
Leicester,Blackpool,11
Leicester,Burton Albion,10
Leicester,Derby,11
Leicester,Hull City,11
Leicester,Ipswich,11
Leicester,Leeds,13
Leicester,Preston,10
Leiria,Coimbra,12
Leiria,FC Porto,12
Leiria Sub-15,Leiria Sub-17,12
Leixões,Pedras Rubras,9
Lemona,Barakaldo CF ,9
Lens,Marseille,10
Lens,Stade Brestois,9
Lens,Stade Rennais,14
Levante,Málaga CF,12
Levante,Real Valladolid,13
Levante B,Levante,13
Leyton Orient,Millwall,9
Leyton Orient,Tottenham,11
León,Atlante,14
León,Atlas,10
León,Chivas,12
León,Dorados Sinaloa,14
León,Min. Zacatecas,11
León,Monterrey,11
León,Pachuca,21
León,Puebla FC,12
León,Toluca,11
Liaoning FC,Liaoning Res.,13
Liaoning Res.,Liaoning FC,12
Liefering Yth.,Salzburg Youth,11
Lierse SK,KV Turnhout,15
Lillestrøm,Molde FK,11
Lillestrøm Yth.,Lillestrøm,13
Lincoln City,Forest,10
Lincoln City,Peterborough,12
Lipt. Mikulas,Zavazna Poruba,15
Lisen,Zbrojovka Brno,10
Liverpool,Bolton,9
Liverpool,Leicester,9
Liverpool,West Ham,10
Liverpool Res.,Liverpool,12
Livingston FC,Arbroath,10
Livingston FC,Heart of Midl.,14
Livingston FC,Morton,18
Livingston FC,Partick Thistle,16
Livingston FC,Raith Rovers,15
Livingston FC,Ross County,10
Lodigiani Youth,AS Lodigiani,20
Logroñés Prom.,Náxara CD,9
Lok. Kosice,Kosice,9
Loko Moskau,Kuban Krasnodar,9
Loko Moskau,Rostov,9
Loko-Kazanka M.,Loko Moscow,14
Londrina-PR,Chapecoense,11
Londrina-PR,Coritiba FC,17
Londrina-PR,EC Vitória,9
Londrina-PR,Iraty,10
Londrina-PR,Linense,9
Londrina-PR,Maringá,9
Lorient B,Concarneau,9
Lorient B,FC Lorient,51
Los Andes,Almagro,9
Lou City YA,Louisville City,21
Louisville City,Lou City YA,15
Lourinhanense,Sporting CP,12
Lucchese,Carrarese,9
Lucchese,Cesena,9
Lucchese,FC Empoli,11
Lucchese,Genoa,10
Lugo Polvorín,CD Lugo,14
Lumezzane,Brescia,9
Lumezzane,Chievo Verona,21
Luton,Charlton,15
Luton,Dag & Red FC,11
Luverdense-MT,Mixto-MT,10
Lyngby BK,Bröndby IF,9
Lyngby BK,Nordsjaelland,16
M. Tel Aviv,Bnei Yehuda,9
M.Impact Academy,Montreal,11
MAS Taborsko,C. Budejovice,10
MAS Taborsko,Pisek,10
MFK Vyskov,Blansko,11
MK Dons,Charlton,9
MK Dons,Norwich,10
MSK Zilina,FC ViOn,13
MSK Zilina B,MSK Zilina,12
MSV Duisburg,F. Düsseldorf,9
MTK Budapest,BFC Siófok,14
MTK Budapest,ETO FC Győr ,10
MTK Budapest,Ferencváros,9
MTK Budapest,Haladás,9
MTK Budapest,Mezőkövesd,10
MTK Budapest,Nyíregyháza,11
MTK Budapest,Paksi FC,17
MTK Budapest,Pécsi MFC,11
MTK Budapest,Szeged,9
MTK Budapest,Vasas FC,9
MTK Budapest,Vasas SC,10
MTK Budapest,Videoton FC,9
MTK Budapest,Zalaegerszeg,11
MTK Budapest,Újpest FC,9
MTK Hungária,BKV Előre,9
MVV 19,MVV Maastricht,17
MVV Maastricht,Roda JC,11
MVV Youth,MVV 19,11
Madureira,Vasco da Gama,10
Maia Sub-15,Maia Sub-17,12
Malmö FF,BK Olympic,10
Malmö FF,Landskrona,12
Malmö FF,Mjällby AIF,9
Malmö FF,Trelleborg,15
Man City,Burnley,11
Man City,Cardiff,10
Man City,Girona,17
Man City,Leicester,9
Man City,Portsmouth,10
Man City,Sunderland,11
Manisa FK,Pendikspor ,11
Manisaspor,Konyaspor,10
Mansfield Town,Alfreton,11
Mansfield Town,Forest Green,9
Mansfield Town,Grimsby Town,9
Mansfield Town,York City,11
Mantova,Hellas Verona,14
Marignane GFC,Marignane GCB,10
Maringá,Coritiba FC,11
Marseille,AC Ajaccio,10
Marseille,FC Lorient,14
Marseille,OGC Nice,9
Marseille B,Marseille,40
Marítimo,FC Porto,13
Marítimo,Marítimo B,11
Marítimo,SC Braga,9
Marítimo B,Marítimo,36
Marítimo Y,Marítimo S15,20
Mazorqueros,Atlético La Paz,10
Merinosspor,Bursaspor,28
Mersin IY,Adana Demirspor,9
Mersin IY,Tarsus IY,9
Metalist,SC Dnipro-1,12
Metalist Kharkiv,Arsenal Kharkiv,9
Metalist Kharkiv,Shakhtar D.,9
Metalist Kharkiv,Vorskla Poltava,11
Metalurg D.,Kryvbas,11
Metalurg D.,Shakhtar D.,9
Metalurg-2,Metalurg Z.,21
Mexiquense,Toluca,23
Meyrin FC,Etoile Carouge,11
Meyrin FC,Servette FC,10
Mezőkövesd,Diósgyőr,9
Mezőkövesd,ETO FC Győr ,10
Mezőkövesd,Felsötárkány,10
Mezőkövesd,Haladás,9
Mezőkövesd,Kazincbarcika,11
Mezőkövesd,Nyíregyháza,10
Mezőkövesd,Paksi FC,11
Mezőkövesd,Szolnok,9
Miami,Fort Lauderdale,9
Miami FC,Miami FC 2,9
Michalovce,Tatran Presov,9
Middlesbrough,Aston Villa,9
Middlesbrough,Birmingham,9
Middlesbrough,Blackpool,10
Middlesbrough,Bradford,9
Middlesbrough,Chelsea,9
Middlesbrough,Darlington,9
Middlesbrough,Fulham,11
Middlesbrough,Hartlepool,11
Middlesbrough,Leeds,9
Middlesbrough,Millwall,13
Middlesbrough,Rotherham,14
Middlesbrough,Sheff Wed,11
Middlesbrough,Stoke City,9
Milan,Calcio Monza,10
Milan,Prato,9
Millwall,Brentford,13
Millwall,Derby,9
Millwall,Forest,10
Millwall,Gillingham,9
Millwall,Leyton Orient,14
Millwall,Tottenham,9
Millwall,Wolves,11
Min. Zacatecas,Correcaminos,9
Min. Zacatecas,Pachuca,13
Mineros FC,Min. Zacatecas,10
Mirassol-SP,América-MG,10
Mirassol-SP,Atlético-GO,9
Mirassol-SP,Avaí FC,9
Mirassol-SP,Botafogo-SP,9
Mirassol-SP,CSA,9
Mirassol-SP,Ceará SC,9
Mirassol-SP,Coritiba FC,13
Mirassol-SP,Criciúma EC,10
Mirassol-SP,Guarani,13
Mirassol-SP,Juventude,11
Mirassol-SP,Operário-PR,12
Mirassol-SP,Ponte Preta,12
Mirassol-SP,Remo,10
Mirassol-SP,São Caetano,9
Mito HollyHock,Sanf. Hiroshima,9
Mjällby AIF,Malmö FF,12
Mjøndalen,Strømsgodset,10
Ml. Boleslav B,Mlada Boleslav,11
Ml. Boleslav B,Varnsdorf,9
Mlada Boleslav,Bohemians 1905,10
Mlada Boleslav,C. Budejovice,13
Mlada Boleslav,Hradec Kralove,14
Mlada Boleslav,Jihlava,9
Mlada Boleslav,Karvina,9
Mlada Boleslav,Pardubice,12
Mlada Boleslav,Slavia Prague,23
Mlada Boleslav,Sparta Prague,19
Mlada Boleslav,Teplice,11
Mlada Boleslav,Varnsdorf,10
Mlada Boleslav,Viktoria Plzen,16
Modena,Atalanta BC,10
Modena,Chievo Verona,20
Modena,Juventus,9
Modena,Sampdoria,13
Molde FK,Kristiansund,14
Monaco,AS Nancy,9
Monaco,Cercle Brugge,24
Monaco,FC Lorient,9
Monaco,Marseille,10
Monaco,OGC Nice,11
Monaco B,Cercle Brugge,12
Monaco B,Monaco,68
Monarcas Morelia,Atlas,19
Monarcas Morelia,CD Cruz Azul,13
Monarcas Morelia,Correcaminos,9
Monarcas Morelia,Jaguares,10
Monarcas Morelia,León,13
Monarcas Morelia,Mérida FC,18
Monarcas Morelia,Pachuca,15
Monarcas Morelia,Puebla FC,9
Monarcas Morelia,Querétaro FC,10
Monarcas Morelia,Santos Laguna,9
Monarcas Morelia,Tiburones Rojos,11
Monopoli ,Potenza,9
Monte. Yamagata,Kashiwa Reysol,10
Montebelluna G.,Montebelluna,9
Monterrey,América,12
Monterrey,Atlante,12
Monterrey,Chivas,18
Monterrey,León,12
Monterrey,Necaxa,15
Monterrey,Pachuca,15
Monterrey,Querétaro FC,10
Monterrey,San Luis,13
Monterrey,Tiburones Rojos,9
Montevarchi,Arezzo,10
Montpellier,Stade Rennais,9
Montpellier B,Montpellier,62
Montreal,FC Montréal,9
Montrose,Dundee FC,9
Monza,Giana Erminio,9
Monza,Inter,9
Monza,Lecco,11
Monza Giovanili,Calcio Monza,15
Morecambe FC,Barrow,9
Morecambe FC,Fleetwood,9
Moreirense S15,Moreirense S17,10
Morelia,Mazatlán FC,15
Morton,Livingston FC,15
Mosonmagyaróvár,Gyirmót FC,11
Motherwell B,Motherwell FC,16
Motherwell FC,Celtic,10
Motherwell FC,Heart of Midl.,10
Motherwell FC,St. Mirren,10
Motor Lublin,Gornik Leczna,9
Mouscron,LOSC Lille,14
Mouscron,LOSC Lille B,11
Murcia Imperial,Real Murcia,25
Málaga B,Málaga CF,17
Málaga CF,CD Leganés,9
Mérida FC,Monarcas Morelia,17
NAC Breda,Ajax,9
NAC Breda,Feyenoord,12
NAC Breda,Helmond Sport,9
NCFC Academy,North Carolina,37
ND Gorica,Parma,26
NEC Nijmegen,TOP Oss,10
NEC Nijmegen,Twente FC,10
NK Imotski,RNK Split,16
NK Istra,Alavés B,10
NK Istra,Dinamo Zagreb,14
NK Istra,HNK Rijeka,13
NK Jarun,NK Lokomotiva,16
NK Kustosija,NK Lokomotiva,10
NK Kustosija,NK Rudes,11
NK Lokomotiva,Dinamo Zagreb,87
NK Lokomotiva,HNK Gorica,12
NK Lokomotiva,Hrv Dragovoljac,17
NK Lokomotiva,Inter Zapresic,25
NK Lokomotiva,NK Jarun,15
NK Lokomotiva,NK Kustosija,9
NK Lokomotiva,NK Lucko,18
NK Lokomotiva,NK Rudes,23
NK Lokomotiva,NK Sesvete,9
NK Lucko,NK Lokomotiva,19
NK Nafta 1903,Zalaegerszeg,23
NK Orijent 1919,HNK Rijeka,10
NK Osijek,HNK Rijeka,11
NK Osijek,Zalaegerszeg,9
NK Pomorac,HNK Rijeka,11
NK Rudes,Hrv Dragovoljac,15
NK Rudes,NK Kustosija,12
NK Rudes,NK Lokomotiva,21
NK Sesvete,NK Lokomotiva,13
NK Zadar ,Hajduk Split,14
NK Zadar ,NK Primorac (B),9
NK Zagreb,Hajduk Split,9
NYCFC Academy,New York City,9
NYRB Academy,New York,10
Nacional,Defensor SC,9
Nacional,Olimpia,9
Nacional,River Plate,11
Nacional B,Nacional,14
Nagoya Grampus,Tokushima Vort.,19
Nantwich Town,Crewe Alexandra,12
Napoli,AC Parma,9
Napoli,Bari,16
Napoli,Bologna,9
Napoli,Cagliari,11
Napoli,Carpi,10
Napoli,Chievo Verona,10
Napoli,Cosenza,10
Napoli,Crotone,12
Napoli,FC Empoli,15
Napoli,Fiorentina,9
Napoli,Inter,10
Napoli,Juventus,10
Napoli,Parma,22
Napoli,Perugia,9
Napoli,Pescara,10
Napoli,Reggina,9
Napoli,Salernitana,9
Napoli,Sampdoria,14
Napoli,Torino,12
Naval 1º de Maio,SC Covilhã,11
Necaxa,América,28
Necaxa,Atlas,12
Necaxa,CD Cruz Azul,13
Necaxa,Chivas,14
Necaxa,Monterrey,16
Necaxa,Puebla FC,11
Necaxa,San Luis,26
Necaxa,Tiburones Rojos,11
Neftekhimik,Rubin Kazan,16
Neuchâtel Xamax,BSC Young Boys,13
Neuchâtel Xamax,FC Sion,11
Neuchâtel Xamax,Servette FC,9
Neuchâtel Xamax,Yverdon Sport,11
Newcastle,Forest,11
Newcastle,QPR,11
Newcastle,Western Sydney,10
Newell's,Atl. Tucumán,10
Newell's,Estudiantes LP,9
Newell's,Godoy Cruz,14
Newell's,Lanús,9
Newell's,Racing Club,12
Newell's,River Plate,16
Newport County,Cardiff,9
Newport County,Swansea,9
Nieciecza,GKS Katowice,10
Nielba,Warta Poznan,9
Nigde Anadolu,Altinordu,45
Niort B,Chamois Niort,56
Nordsjaelland,Akademisk BK,9
Nordsjaelland,FC Copenhagen,9
Nordsjaelland,FC Helsingør,9
Nordsjaelland,HB Köge,11
Norrköping,Sylvia,39
North Carolina,NCFC Academy,32
North Texas SC,Dallas,38
North Texas SC,Dallas Academy,29
Northampton,Brackley,10
Northampton,Kettering,14
Norwich,Bournemouth,12
Norwich,MK Dons,12
Norwich,Preston,10
Notts County,Derby,10
Notts County,Forest,13
Notts County,Lincoln City,10
Notts County,Mansfield Town,10
Novara,Genoa,9
Novorizontino,Cuiabá-MT,10
Nyíregyháza,Bőcs KSC,9
Nyíregyháza,Cigánd,13
Nyíregyháza,Debrecen,16
Nyíregyháza,ETO FC Győr ,11
Nyíregyháza,Mezőkövesd,12
Nyíregyháza,Nyirbátor,11
Nyíregyháza,Puskás AFC,9
Nyíregyháza,Pécsi MFC,11
Nyíregyháza,Szolnok,9
Náutico,Atlético-PR,12
Náutico,Ceará SC,10
Náutico,Cruzeiro,10
Náutico,EC Vitória,9
Náutico,Flamengo,9
Náutico,Fluminense,11
Náutico,Internacional,14
Náutico,Palmeiras,12
Náutico,Paysandu,10
Náutico,Ponte Preta,9
Náutico,Santa Cruz-PE,15
Náutico,Tombense,13
Náutico B,Náutico,21
Nîmes B,Nîmes Olympique,50
Nürnberg Yth.,B. München Yth.,10
OCSC Academy,Orange County,12
OFI Crete FC,Ergotelis,11
OFI Crete FC,Olympiacos,12
OFI Crete FC,Panathinaikos,13
OGC Nice,Lausanne-Sport,12
OGC Nice B,OGC Nice,58
OH Leuven,Royal Antwerp,12
Oakland Roots,Project 51O,34
Obolon Kyiv,Kryvbas,10
Odd Youth,Odd Grenland,11
Odense BK,FC Copenhagen,9
Odense BK,Lyngby BK,11
Odense BK,Randers FC,9
Odense BK,SönderjyskE,11
Odeva Lipany,Tatran Presov,9
Odra Wodzislaw,Grodzisk,9
Odra Wodzislaw,Ruch Chorzow,9
Oeiras S15,Oeiras S17,9
Oeste,ABC FC,9
Oeste,Corinthians,11
Oeste,GO Audax,16
Oeste,Palmeiras,21
Oeste,São Caetano,11
Oita Trinita,Albirex Niigata,9
Oita Trinita,Cerezo Osaka,11
Olaria,EC Bahia,9
Olbia,Cagliari,31
Oldham Athletic,Blackpool,11
Oldham Athletic,Rochdale,9
Oldham Athletic,Stockport,14
Olhanense,FC Porto,9
Olimpia,Nacional,9
Olimpo,Huracán,9
Olimpo,Independiente,10
Olimpo,San Lorenzo,10
Olomouc B,Sigma Olomouc,39
Olymp. Lyon B,Olympique Lyon,87
Olympiacos,APO Levadiakos,11
Olympiacos,APOEL Nicosia,10
Olympiacos,Aris Saloniki,14
Olympiacos,Atromitos,17
Olympiacos,Ergotelis,10
Olympiacos,Forest,17
Olympiacos,OFI Crete FC,12
Olympiacos,Panionios,15
Olympiacos,Rio Ave,9
Olympiacos B,Olympiacos,10
Olympique Lyon,OGC Nice,11
Olympique Lyon,Stade Rennais,9
Olympique Lyon,Troyes,12
Operário,Santa Clara,11
Operário-PR,Mirassol-SP,12
Orange County,OCSC Academy,11
Orduspor,Adana Demirspor,9
Orduspor,Bulancakspor,12
Orduspor,Sanliurfaspor ,9
Orlando,Orlando City B,25
Orlando Academy,Orlando City B,25
Orlando City B,Orlando,33
Orlando City B,Orlando Academy,17
Osasco-SP,Caldense,16
Osasuna B,CA Osasuna,65
Oskarshamns AIK,Kalmar FF,9
Osmanlispor FK,Bugsas Spor,15
Ottawa Fury,Montreal,9
Oviedo B,Real Oviedo,15
Oviedo Vetusta,Real Oviedo,21
P. Niepolomice,Cracovia,9
PAE Veria,Aris Saloniki,10
PAOK Salonika,Atromitos,10
PAOK Salonika,OFI Crete FC,11
PAOK Salonika,Panathinaikos,11
PAOK Salonika,Panserraikos,18
PAOK Salonika,Volos NPS,10
PAS Giannina,Olympiacos,9
PAS Giannina,PAOK Salonika,10
PAS Giannina,PS Kalamata,11
PFC Oleksandriya,Nyva Vinnytsya,16
PO Atsaleniou,OFI Crete FC,9
PS Kalamata,PAS Giannina,9
PSV Eindhoven,Chelsea,9
PSV Eindhoven,Twente FC,11
Pachuca,CD Cruz Azul,11
Pachuca,Chivas,19
Pachuca,Indios,14
Pachuca,León,29
Pachuca,Min. Zacatecas,18
Pachuca,Monarcas Morelia,14
Pachuca,Monterrey,13
Pachuca,Puebla FC,13
Pachuca,Toluca,11
Pachuca Jgd.,Tuzos Pachuca,12
Padova,Atalanta BC,11
Padova,Chievo Verona,13
Padova,Parma,13
Padova,Pescara,9
Padova,Salernitana,9
Padova,Sassuolo,9
Paganese,Parma,9
Paksi FC,BFC Siófok,21
Paksi FC,ETO FC Győr ,10
Paksi FC,MTK Budapest,14
Paksi FC,Mezőkövesd,12
Paksi FC,Nyíregyháza,16
Paksi FC,Szolnok,16
Paksi FC,Zalaegerszeg,10
Palmeiras,Atlético-MG,19
Palmeiras,Atlético-PR,10
Palmeiras,Barueri,9
Palmeiras,Bragantino,12
Palmeiras,Ceará SC,9
Palmeiras,Coritiba FC,17
Palmeiras,Cruzeiro,34
Palmeiras,Desp. Brasil,21
Palmeiras,EC Bahia,11
Palmeiras,EC Vitória,25
Palmeiras,Figueirense FC,11
Palmeiras,Flamengo,11
Palmeiras,Fortaleza,9
Palmeiras,Goiás,12
Palmeiras,Grêmio,17
Palmeiras,Guarani,10
Palmeiras,Internacional,11
Palmeiras,Ituano,9
Palmeiras,Juventude,12
Palmeiras,Náutico,15
Palmeiras,Oeste,20
Palmeiras,Ponte Preta,13
Palmeiras,Portuguesa,10
Palmeiras,RB Bragantino,9
Palmeiras,Santa Cruz-PE,9
Palmeiras,Santos,14
Palmeiras,Sport Recife,11
Palmeiras,Vasco da Gama,11
Panachaiki,Panegialios,13
Panarkadikos,Asteras Tripoli,11
Panathinaikos,APO Levadiakos,11
Panathinaikos,OFI Crete FC,18
Panathinaikos B,Panathinaikos,9
Panetolikos,AE Larisa,9
Panionios,AEK Athens,12
Panionios,GS Kallithea,9
Panionios,Olympiacos,24
Panionios,Panathinaikos,13
Panserraikos,AE Larisa,9
Panserraikos,Ap. Paralimniou,9
Panserraikos,Doxa Dramas,13
Panserraikos,PAOK Salonika,18
Paraná,Atlético-PR,10
Paraná,Avaí FC,19
Paraná,Chapecoense,9
Paraná,Coritiba FC,16
Paraná,Goiás,10
Paraná,Internacional,15
Paraná,Iraty,9
Paraná,Ituano,9
Paraná,Palmeiras,9
Paraná,São Paulo,10
Paraná,Tombense,16
Paraná B,Paraná,18
Pardubice,Mlada Boleslav,10
Paris FC B,Paris FC,24
Paris FC Yth.,PSG Youth,10
Paris SG B,Paris SG,43
Parma,AC Milan,10
Parma,AC Siena,9
Parma,AS Gubbio,24
Parma,Ascoli,15
Parma,Atalanta BC,12
Parma,Bari,12
Parma,Cesena,22
Parma,Cremonese,15
Parma,Crotone,25
Parma,FC Empoli,12
Parma,Foggia,9
Parma,Fondi,9
Parma,Frosinone,10
Parma,Genoa,10
Parma,Inter,17
Parma,Juventus,9
Parma,Latina Calcio,12
Parma,Lecce,13
Parma,ND Gorica,26
Parma,Napoli,17
Parma,Padova,15
Parma,Perugia,9
Parma,Pescara,17
Parma,Renate,12
Parma,Salernitana,13
Parma,Sampdoria,15
Parma,Sassuolo,9
Parma,Spezia Calcio,10
Parma,Torino,12
Parma,Trapani,12
Partick Thistle,Dumbarton,9
Partick Thistle,Falkirk,10
Partick Thistle,Livingston FC,10
Partick Thistle,Rangers,9
Partick Thistle,Rangers B,10
Partick Thistle,Ross County,11
Partizan,Teleoptik,23
Pat's Academy,St. Pat's,11
Patro Eisden,Sport. Hasselt,10
Patronato,Estudiantes LP,9
Pau FC B,Pau FC,9
Paulista-SP,Atlético-PR,9
Pavia,Cesena,13
Paysandu,Tombense,9
Pazarspor ,C. Rizespor,16
Paços Ferreira,Arouca,9
Paços Ferreira,Benfica,9
Paços Ferreira,SC Braga,11
Paços Ferreira,SC Covilhã,9
Paços Ferreira,Vit. Guimarães,10
Pedras Salgadas,Chaves,18
Pedras Salgadas,Vizela,10
Penafiel,Académico Viseu,11
Penapolense,Oeste,11
Pendikspor ,Eyüpspor,20
Pendikspor ,Fethiyespor,9
Pendikspor Yth,Pendikspor ,28
Perth Glory,Melb. Victory,9
Perth Glory,Newcastle,11
Perugia,Alessandria,9
Perugia,Ancona,9
Perugia,Atalanta BC,15
Perugia,Catania,18
Perugia,Cosenza,9
Perugia,Fiorentina,9
Perugia,Genoa,10
Perugia,Hellas Verona,10
Perugia,Juventus,15
Perugia,Salernitana,12
Perugia,Sambenedettese,14
Perugia,Vicenza,15
Pescara,AS Roma,17
Pescara,Atalanta BC,12
Pescara,Avellino,9
Pescara,Bari,9
Pescara,Benevento,10
Pescara,Cagliari,10
Pescara,Chievo Verona,12
Pescara,Frosinone,16
Pescara,Genoa,13
Pescara,Juventus,16
Pescara,Napoli,9
Pescara,Parma,20
Pescara,Perugia,9
Pescara,Piacenza,10
Pescara,Pineto,11
Pescara,Salernitana,9
Pescara,Sampdoria,15
Pescara,Teramo,22
Pescara,Ternana,18
Peterborough,Dag & Red FC,10
Peterborough,Northampton,10
Peterborough,Rotherham,10
Peterhead,Dundee FC,9
Petrolofisi Yth,Petrolofisi,9
Petrzalka,Slo. Bratislava,12
Philadelphia,Bethlehem Steel,41
Philadelphia,Harrisburg City,15
Phoenix Res.,Wellington,13
Phoenix Rising,FC Tucson,9
Phoenix Rising,LAFC,10
Phoenix Rising,Rising Acad.,14
Piacenza,Atalanta BC,9
Piacenza,Fiorenzuola,12
Piacenza,Pescara,10
Piacenza,Reggina,10
Piacenza,Sampdoria,9
Piast Gliwice,Legia Warszawa,9
Piotrcovia Piotrków Trybunalski,LKS Lodz,11
Piotrcovia Piotrków Trybunalski,Pogon Szczecin,11
Pisa,Fiorenzuola,12
Pistoiese,AS Roma,10
Pistoiese,Atalanta BC,11
Pistoiese,FC Empoli,12
Pistoiese,Piacenza,9
Pistoiese,Prato,12
Platense,Almirante Brown,9
Platense,CA Talleres,11
Plymouth,Blackpool,9
Plymouth,Bristol City,11
Plymouth,Torquay,14
Plymouth,Truro City FC,9
Pobla de Mafumet CF,Gimnàstic,24
Podbrezova,Banska Bystrica,10
Podbrezova,Pohronie,21
Podbrezova,Tatran Presov,9
Poggibonsi,San Donato,11
Pogon Szczecin,Widzew Lodz,11
Pohronie,Podbrezova,19
Pol. Warsaw,Lech Poznan,9
Ponferradina,RCD Mallorca,9
Ponte Preta,Atlético-MG,13
Ponte Preta,Atlético-PR,13
Ponte Preta,Botafogo-SP,11
Ponte Preta,Chapecoense,9
Ponte Preta,Corinthians,27
Ponte Preta,Coritiba FC,12
Ponte Preta,Cruzeiro,14
Ponte Preta,EC Bahia,9
Ponte Preta,EC Vitória,10
Ponte Preta,Fluminense,13
Ponte Preta,Internacional,12
Ponte Preta,Mirassol-SP,18
Ponte Preta,Náutico,9
Ponte Preta,Oeste,9
Ponte Preta,Palmeiras,13
Ponte Preta,Santos,11
Ponte Preta,São Paulo,10
Ponte Preta,Tombense,15
Ponte Preta,Vila Nova FC,9
Ponte Preta,Água Santa-SP,9
Pontedera,FC Empoli,10
Pontedera Gio,Pontedera,11
Pontevedra B,Pontevedra CF,13
Port Vale,Mansfield Town,10
Portimonense,FC Porto,20
Portimonense,Portimonense,11
Portimonense,SC Covilhã,11
Portimonense 23,Portimonense,11
Portimonense Yt,Portimonense 15,11
Portland,Portland 2,40
Portland 2,Portland,36
Portland 2,Timbers Academy,31
Portsmouth,Bournemouth,12
Portsmouth,Coventry,15
Portsmouth,Havant & Water.,10
Portsmouth,Reading,9
Portsmouth,Stoke City,11
Portsmouth,Swindon Town,11
Portsmouth,Tottenham,11
Portsmouth,West Brom,12
Portsmouth,West Ham,10
Portsmouth,Wigan,11
Portuguesa,Corinthians,10
Portuguesa,Grêmio,12
Portuguesa,Guarani,13
Portuguesa,Internacional,11
Portuguesa,Palmeiras,10
Portuguesa B,Portuguesa,22
Portuguesa-RJ,Sampaio-MA,9
Potenza,Monopoli ,11
Pr. Münster,SC Verl,10
Prato,FC Empoli,9
Prato,Inter,12
Prato,Lucchese,9
Prato Youth,Prato,12
Preston,Fleetwood,12
Preston,Oldham Athletic,9
Preston,Sheff Wed,11
Preston,Shrewsbury,9
Preston,Stoke City,9
Preston,Tranmere,9
Pribram,Slavia Prague,10
Pribram,Viktoria Plzen,14
Pribram,Vysehrad,15
Pribram B,Pribram,13
Primavera,Tombense,11
Primorac 1929,Hajduk Split,12
Pro Patria,Reggiana,13
Pro Patria Y.,Pro Patria,20
Pro Vercelli,Atalanta BC,9
Pro Vercelli,Crotone,23
Pro Vercelli,Fermana,21
Pro Vercelli,Juventus,10
Pro Vercelli Yo,Juventus Youth,11
Project 51O,Oakland Roots,37
Puebla FC,América,19
Puebla FC,Atlante,12
Puebla FC,Atlas,15
Puebla FC,CD Cruz Azul,10
Puebla FC,Chiapas FC,12
Puebla FC,Club Tijuana,13
Puebla FC,Jaguares,12
Puebla FC,León,12
Puebla FC,Monarcas Morelia,12
Puebla FC,Monterrey,9
Puebla FC,Necaxa,9
Puebla FC,Pachuca,9
Puebla FC,Santos Laguna,12
Puskás AFC,Csákvár,32
Puskás AFC,Diósgyőr,11
Puskás AFC,Videoton FC,27
Puskás AFC,Zalaegerszeg,15
Putnok,Kazincbarcika,10
Pécsi MFC,Kozármisleny ,36
Pécsi MFC,MTK Budapest,13
Pécsi MFC,Nyíregyháza,11
Pécsi MFC,Paksi FC,9
Pécsi MFC,Szentlőrinc SE,11
Pécsi MFC Yth.,K.misleny Yth.,9
QPR,Brighton,9
QPR,Bristol Rovers,9
QPR,Forest,10
QPR,Gillingham,16
QPR,MK Dons,10
QPR,Millwall,9
QPR,Newcastle,10
QPR,Portsmouth,9
QPR,Stevenage,10
QPR,Swansea,10
QPR,Swindon Town,13
QPR,Tottenham,10
QPR,Watford,9
QPR,West Brom,9
QPR,Wolves,9
QPR,Wycombe,15
Qatar SC,Al-Khor SC,10
Queen o. t. S.,Kilmarnock FC,11
Queen o. t. S.,Livingston FC,10
Querétaro FC,Celaya,15
Querétaro FC,Chiapas FC,13
Querétaro FC,Chivas,13
Querétaro FC,Club Tijuana,28
Querétaro FC,Delfines,15
Querétaro FC,Dorados Sinaloa,15
Querétaro FC,Irapuato,17
Querétaro FC,Monterrey,9
Querétaro FC,Puebla FC,12
Querétaro FC,Tiburones Rojos,9
Querétaro FC,Toluca,10
Quilmes,Argentinos Jrs.,11
Quilmes,Atl. Rafaela,9
Quilmes,Estudiantes LP,10
Quilmes,San Lorenzo,11
R Charleroi SC,AFC Tubize,12
R Charleroi SC,Club Brugge,9
R Charleroi SC,KAA Gent,11
R Charleroi SC,KRC Genk,11
R Charleroi SC,KV Kortrijk,9
R Charleroi SC,RSC Anderlecht,13
R. Strasbourg,Chelsea,9
R. Strasbourg,Marseille,9
R. Strasbourg,Troyes,10
R. Strasbourg B,R. Strasbourg,58
R. Valladolid B,Real Valladolid,22
RB Bragantino,Red Bull,11
RB Juniors,RB Salzburg,10
RB Salzburg,FC Liefering,37
RB Salzburg,New York,9
RB Salzburg,RB Leipzig,23
RB Salzburg,SV Ried,9
RBK Youth,Rosenborg,24
RC Lens B,Lens,79
RCD Espanyol B,Espanyol,63
RCD Mallorca,Atlético Madrid,12
RCD Mallorca,Málaga CF,10
RCD Mallorca B ,RCD Mallorca,43
RFC Seraing,FC Metz,23
RFC Seraing,FC Metz B,10
RGV FC Toros,Houston,37
RKC Waalwijk,AZ Alkmaar,12
RKC Waalwijk,FC Dordrecht,9
RKC Waalwijk,Feyenoord,10
RKC Waalwijk,Roda JC,10
RM Castilla,CF Fuenlabrada,11
RM Castilla,Getafe,9
RM Castilla,Real Madrid,44
RNK Split,NK Imotski,12
RSC Anderlecht,KAA Gent,11
RSC Anderlecht,KV Kortrijk,12
RSC Anderlecht,KV Oostende,11
RSC Anderlecht,KVC Westerlo,9
RSC Anderlecht,R Charleroi SC,19
RSC Anderlecht,Zulte Waregem,10
RSCA Futures,RSC Anderlecht,9
RSL Academy,Real Monarchs,15
RSL Academy,Salt Lake,12
RW Essen,SC Paderborn,9
RW Essen,SF Lotte,11
RWDM,Botafogo,9
RWDM,Francs Borains,10
RWDM Brussels,White Star,10
Rabotnicki Yth.,Rabotnicki,13
Racing,Córdoba CF,9
Racing,Dep. La Coruña,12
Racing,Real Madrid,9
Racing Club,Boca Juniors,10
Racing Club,Defensa,9
Racing Club,Huracán,10
Racing Club,River Plate,9
Rad,Red Star,16
Raith Rovers,Dundee FC,9
Raith Rovers,Dunfermline A.,11
Raith Rovers,Heart of Midl.,15
Raith Rovers,Hibernian FC,14
Raków,Skra Czesto.,15
Randers FC,Viborg FF,11
Rangers,Blackpool,10
Rangers,Livingston FC,12
Rangers,Partick Thistle,11
Rangers,St. Mirren,9
Rangers B,Partick Thistle,12
Rangers B,Rangers,17
Ranheim,Rosenborg,17
Rapid Vienna,SV Ried,9
Rapids Academy,Colorado 2,9
Rayados A,Monterrey,9
Rayo B,Rayo Vallecano,34
Rayo Cantabria,Racing,49
Rayo Vallecano,Atlético Madrid,11
Rayo Vallecano,Granada CF,10
Reading,Bournemouth,9
Reading,Brentford,17
Reading,Chelsea,17
Reading,Cheltenham,9
Reading,Exeter City,9
Reading,Ipswich,9
Reading,Millwall,9
Reading,Portsmouth,11
Real Betis,Alavés,9
Real Betis,CA Osasuna,9
Real Betis,Getafe,10
Real Betis,Villarreal,10
Real Madrid,Getafe,16
Real Madrid,Racing,10
Real Madrid,Real Valladolid,15
Real Madrid,Real Zaragoza,12
Real Madrid,Sevilla FC,9
Real Madrid B,Real Madrid,25
Real Madrid C,RM Castilla,68
Real Madrid C,Real Madrid B,51
Real Monarchs,Salt Lake,53
Real SC,Sporting CP,11
Real Sociedad,Alavés,11
Real Sociedad,CD Mirandés,10
Real Sociedad,SD Eibar,19
Real Sociedad B,Bilbao Athletic,10
Real Sociedad B,Real Sociedad,77
Real Sociedad B,SD Eibar,17
Real Sociedad C,Arenas Club,9
Real Sociedad C,Real Sociedad B,72
Real Valladolid,Cádiz CF,10
Real Valladolid,Getafe,9
Real Valladolid,Real Madrid,10
Real Valladolid,Valencia,12
Real Zaragoza,Atlético Madrid,12
Real Zaragoza,Elche CF,11
Real Zaragoza B,Real Zaragoza,25
Rebordosa,Paços Ferreira,9
Recanatese G.,Recanatese,32
Recr. Huelva B,Recr. Huelva,15
Recre Granada,Granada CF,15
Red Bull,Bragantino,15
Red Bull,Bragantino B,10
Red Star,OFK Beograd,9
Reggiana,Fiorentina,9
Reggiana,Genoa,11
Reggiana,Hellas Verona,11
Reggiana,Pro Patria,10
Reggina,Atalanta BC,11
Reggina,Catanzaro,9
Reggina,Cittadella,10
Reggina,Fiorentina,9
Reggina,Genoa,18
Reggina,Napoli,11
Reggina,Piacenza,9
Reggina,Sampdoria,9
Reggina,Vicenza,12
Reggina Primaver,Reggina,28
Reggina Youth,Reggina Primaver,13
Renate,Parma,14
Renate Gio,Renate,9
Rennes B,Stade Rennais,98
Reno FC,SJ Earthquakes,27
Rich. Academy,Richmond,27
Richmond,Rich. Academy,23
Riga,Auda,14
Right to Dream,Nordsjaelland,14
Rimavska Sobota,FTC Filakovo,13
Rio Ave,Benfica,10
Rio Ave,Desportivo Aves,9
Rio Ave,FC Porto,11
Rio Ave,SC Braga,10
Rio Ave,Sporting CP,13
Rio Ave Y,Rio Ave Sub-15,33
Rising Acad.,Phoenix Rising,15
River Plate,Argentinos Jrs.,9
River Plate,Arsenal Sarandí,11
River Plate,Banfield,11
River Plate,Colon,12
River Plate,Estudiantes LP,10
River Plate,Huracán,13
River Plate,Independiente,11
River Plate,Nacional,11
River Plate,Racing Club,9
River Plate,San Lorenzo,9
River Plate,Tigre,12
Rochdale,Blackburn,11
Rochdale,Blackpool,12
Roda JC,Fortuna Sittard,9
Roda JC,MVV Maastricht,12
Roda JC,PSV Eindhoven,11
Rodez AF B,Rodez AF,16
Rosario Central,Atl. Tucumán,9
Rosario Central,Boca Juniors,11
Rosario Central,Defensa,10
Rosario Central,Gimnasia,9
Rosario Central,Independiente,12
Rosario Central,Lanús,10
Rosario Central,Racing Club,10
Rosario Central,River Plate,15
Rosenborg,Bodø/Glimt,15
Rosenborg,Ranheim,18
Ross County,Brora Rangers,12
Ross County,Elgin City,19
Ross County,Falkirk,9
Ross County,Inverness CT,15
Ross County,Partick Thistle,13
Rostov,Baltika,10
Rostov,KS Samara,10
Rostov,Khimki,10
Rostov,Krasnodar,9
Rostov,Rubin Kazan,20
Rostov,Spartak Moscow,10
Rostov,Zenit S-Pb,13
Rotherham,Bury,10
Rotherham,Cardiff,10
Rotherham,Middlesbrough,10
Roughnecks FC,Chicago,10
Royal Antwerp,KV Mechelen,9
Royal Antwerp,OH Leuven,10
Rubin Kazan,KS Samara,13
Rubin Kazan,Neftekhimik,12
Rubin Kazan,Rostov,18
Rubin Kazan,Terek Grozny,9
Rubin Kazan,Tom Tomsk,10
Rubin Kazan,Zenit S-Pb,16
Ruch Chorzow,GKS Katowice,13
Ruch Chorzow,GKS Tychy,10
Ruch Chorzow,Wisla Kraków,9
Rukh Lviv,Karpaty Lviv,9
S. Kickers Yth.,Stuttgart Yth.,17
SAC Academy,Sacramento FC,26
SAFC Acad.,San Antonio FC,22
SAS Epinal,ES Thaon,10
SC Bastia B,SC Bastia,53
SC Braga,Atlético Madrid,9
SC Braga,Benfica,17
SC Braga,Chaves,9
SC Braga,Coimbra,10
SC Braga,FC Porto,22
SC Braga,Gil Vicente,13
SC Braga,Moreirense ,16
SC Braga,Paços Ferreira,10
SC Braga,Rio Ave,10
SC Braga,Sporting CP,14
SC Braga,Vitória Setúbal,9
SC Braga,Vizela,11
SC Cham,SC Kriens,11
SC Covilhã,BC Branco,10
SC Covilhã,Coimbra,11
SC Covilhã,Paços Ferreira,10
SC Covilhã,Portimonense,12
SC Dnipro-1,Dynamo Kyiv,9
SC Dnipro-1,Metalist,9
SC Espinho Yth.,SC Espinho S15,10
SC Farense Y15,SC Farense Y17,23
SC Freiburg,Karlsruher SC,9
SC Kriens,BSC Young Boys,9
SC Kriens,FC Luzern,21
SC Kriens,FC Schötz,11
SC Kriens,FC Wohlen,9
SC Kriens,SC Cham,11
SC Langenhagen,TSV Havelse,10
SC Paderborn,SC Verl,10
SC YF Juventus,FC Baden 1897,10
SC YF Juventus,FC Wohlen,9
SCR Altach,A. Lustenau,12
SD Amorebieta,Bilbao Athletic,14
SD Eibar,Athletic,13
SD Eibar,Barakaldo CF ,12
SD Eibar,Real Sociedad,16
SD Eibar,Real Sociedad B,14
SD Eibar,SD Amorebieta,10
SD Eibar B,Barakaldo CF ,12
SD Eibar B,SD Eibar,22
SD Eibar C,SD Eibar B,12
SD Huesca,CA Osasuna,14
SD Luneng,HB CFFC,9
SD Luneng,SD Taishan Res.,10
SD Luneng SC,SD Taishan,9
SD Taishan,QD Hainiu,10
SD Taishan Res.,SD Luneng,27
SE Gama,Brasiliense-DF,12
SFC Opava,Frydek-Mistek,9
SFC Opava,Sigma Olomouc,10
SH Port Res.,SH SIPG,28
SH SIPG,SH Port Res.,18
SH Shenhua,SH Shenhua Res.,32
SH Shenhua Res.,CF Cracks,11
SH Shenhua Res.,SH Shenhua,27
SH Shenxin,SH Shenxin Res.,15
SH Shenxin Res.,SH Shenxin,27
SJ Earthquakes,Houston,11
SJ Earthquakes,Reno FC,26
SJ Earthquakes,The Town FC,14
SJE Academy,The Town FC,10
SK Brann Yth.,Brann,12
SK Odessa,Chornomorets,12
SL16 FC,Standard Liège,15
SM Academy,San Marino,10
SM Caen,LB Châteauroux,9
SM Caen,Pau FC,9
SM Caen B,SM Caen,72
SO Cholet B,SO Cholet,10
SPAL,Atalanta BC,15
SPAL,Chievo Verona,9
SPAL,Torino,12
SR Colmar,FC Mulhouse,10
SR Delémont,FC Bassecourt,15
SR Delémont,FC Courtételle,12
SR Delémont,FC Moutier,9
SR Delémont,Neuchâtel Xamax,9
STK Samorin,Dunajska Streda,17
STLSC Academy,St. Louis 2,26
SV Ried,Austria Vienna,12
SW Bregenz,Career break,10
SW Bregenz,Lauterach,10
SW Bregenz Jgd,SW Bregenz,11
SZ FC,SZ FC Res.,40
SZ FC Res.,SZ FC,22
SZTK,Diósdi TC,9
Sacavenense F.,Sacavenense S15,17
Sacavenense S15,Sacavenense S17,20
Sacramento FC,SAC Academy,19
Sagan Tosu,FC Tokyo,9
Sagan Tosu,Kashiwa Reysol,10
Sagan Tosu,Nagoya Grampus,10
Sagan Tosu,Yokohama F. M.,10
Sagan Tosu,Yokohama FC,11
Saint-Étienne,SC Bastia,9
Saint-Étienne B,Saint-Étienne,62
Sakaryaspor,Karsiyaka,13
Sakaryaspor,Pendikspor ,9
Sakaryaspor Yth,Sakaryaspor,15
Salernitana,Avellino,9
Salernitana,Bari,10
Salernitana,Catania,17
Salernitana,Cosenza,11
Salernitana,Fiorentina,9
Salernitana,Foggia,17
Salernitana,Genoa,12
Salernitana,Hellas Verona,14
Salernitana,Lazio,45
Salernitana,Perugia,10
Salernitana,Pescara,14
Salernitana,Reggina,12
Salernitana,Ternana,13
Salford,Stockport,10
Salgueiro,Náutico,9
Salgueiros Y,Salgueiros Y15,9
Salgueiros Y15,Salgueiros Y17,12
Salt Lake,Real Monarchs,46
Salzburg Youth,SV Salzburg A.,12
Salò Giovanili,Feralpisalò,13
Samambaia,Brasiliense-DF,30
Sampaio-MA,Botafogo-PB,9
Sampdoria,AS Livorno,12
Sampdoria,AS Roma,16
Sampdoria,Benevento,10
Sampdoria,Bologna,9
Sampdoria,Brescia,15
Sampdoria,Cagliari,10
Sampdoria,Catania,12
Sampdoria,Cesena,10
Sampdoria,Chievo Verona,11
Sampdoria,FC Empoli,23
Sampdoria,Hellas Verona,19
Sampdoria,Inter,21
Sampdoria,Juventus,15
Sampdoria,Modena,15
Sampdoria,Napoli,15
Sampdoria,Parma,17
Sampdoria,Pescara,15
Sampdoria,Salernitana,11
Sampdoria,Sassuolo,10
Sampdoria,Ternana,14
Sampdoria,Torino,15
Samsunspor,Amasyaspor,10
Samsunspor,Ankaragücü,9
Samsunspor,Boluspor,13
Samsunspor,Eskisehirspor,9
Samsunspor,Genclerbirligi,10
San Antonio FC,SAFC Acad.,20
San Donato,Poggibonsi,10
San Ignacio,Alavés B,20
San Lorenzo,Almagro,9
San Lorenzo,Arsenal Sarandí,9
San Lorenzo,Atl. Tucumán,10
San Lorenzo,Boca Juniors,12
San Lorenzo,Defensa,13
San Lorenzo,Nueva Chicago,10
San Lorenzo,Olimpo,13
San Lorenzo,Quilmes,9
San Lorenzo,River Plate,11
San Luis,América,11
San Luis,Atlante,9
San Luis,Atlas,9
San Luis,Chiapas FC,10
San Luis,Monterrey,13
San Luis,Necaxa,20
San Luis,Querétaro FC,9
San Luis,Tiburones Rojos,12
San Marino,Cesena,12
San Martín (SJ),Defensa,11
Sanf. Hiroshima,Ehime FC,10
Sanf. Hiroshima,Fagiano Okayama,9
Sanf. Hiroshima,Oita Trinita,9
Sanf. Hiroshima,Shimizu S-Pulse,12
Sangju Sangmu,Suwon Bluewings,15
Sanjoanense,Lus. Lourosa,10
Sanjoanense S15,Sanjoanense S17,11
Sanliurfa Bld,Sanliurfaspor ,9
Sanliurfa Yth,Sanliurfaspor ,26
Sanliurfaspor ,Adana Demirspor,12
Sanliurfaspor ,Elazigspor ,10
Sanliurfaspor ,Sanliurfa Bld,12
Sanliurfaspor ,Sanliurfa Yth,11
Sanluqueño B,At. Sanluqueño,9
Santa Clara,Alverca,9
Santa Clara,Chaves,10
Santa Clara,FC Porto,9
Santa Clara,Leixões,11
Santa Clara,Operário,11
Santa Cruz-PE,Cruzeiro,12
Santa Cruz-PE,Náutico,12
Santa Cruz-PE,Palmeiras,9
Santarcangelo,Cesena,14
Santo André,Ferroviária,14
Santo André,Ituano,10
Santo André,São Caetano,12
Santo André B,Santo André,11
Santos,Atlético-MG,14
Santos,Avaí FC,12
Santos,Botafogo,10
Santos,Chapecoense,9
Santos,Coritiba FC,13
Santos,Cruzeiro,17
Santos,EC Vitória,9
Santos,FC Porto,9
Santos,Flamengo,15
Santos,Fluminense,15
Santos,Grêmio,19
Santos,Guarani,15
Santos,Internacional,14
Santos,Oeste,10
Santos,Palmeiras,10
Santos,Ponte Preta,12
Santos,Sport Recife,15
Santos,São Paulo,10
Santos B,Santos,38
Santos Laguna,América,20
Santos Laguna,Atlas,28
Santos Laguna,Chivas,12
Santos Laguna,Club Tijuana,11
Santos Laguna,Monarcas Morelia,10
Santos Laguna,Puebla FC,12
Santos Laguna,Santos Laguna A,9
Santos Laguna,Tampico Madero,10
Saprissa Juv.,Saprissa,11
Sariyer Yth,Sariyer,13
Sarmiento Junin,CA Temperley,9
Sassuolo,AS Roma,13
Sassuolo,Benevento,11
Sassuolo,Cesena,14
Sassuolo,Cremonese,9
Sassuolo,Fiorentina,9
Sassuolo,Frosinone,17
Sassuolo,Genoa,14
Sassuolo,Inter,11
Sassuolo,Juventus,12
Sassuolo,Monza,11
Sassuolo,Reggiana,9
Sassuolo,SPAL,9
Sassuolo,Sampdoria,10
Sassuolo,Spezia Calcio,10
Saturn Ramenskoe,Career break,9
Savoia,Giugliano,20
Schiltigheim,FR Haguenau,11
Schweinfurt 05,FV 04 Würzburg,9
Schweinfurt 05,SpVgg Bayreuth,9
Seattle,Sounders FC 2,31
Seattle,Tacoma Defiance,25
Seattle Academy,Sounders FC 2,36
Seattle Academy,Tacoma Defiance,34
Semice,Bohemians Praha,10
Seongnam FC,FC Anyang,10
Seongnam FC,Suwon Bluewings,9
Servette FC,BSC Young Boys,10
Servette FC,Etoile Carouge,34
Servette FC,FC Basel,12
Servette FC,FC Sion,13
Servette FC,FC St. Gallen,10
Servette FC,Meyrin FC,9
Servette FC,Stade Nyonnais,23
Servette FC,Yverdon Sport,11
Servette M-17,Servette FC,9
Sestao River ,Arenas Club,9
Sestao River ,Barakaldo CF ,9
Sestao River ,Bilbao Athletic,14
Sesto Giovanili,Inter Youth,9
Sevilla Atl.,Sevilla FC,45
Sevilla B,Sevilla FC,15
Sevilla FC,Barcelona,12
Sevilla FC,CD Tenerife,11
Sevilla FC,Getafe,11
Sevilla FC C,Sevilla Atl.,55
Sevilla FC C,Sevilla B,9
Shakhtar D.,Chornomorets,17
Shakhtar D.,Dnipro,11
Shakhtar D.,FC Mariupol,21
Shakhtar D.,FC Oleksandriya,10
Shakhtar D.,Illichivets,25
Shakhtar D.,Karpaty Lviv,12
Shakhtar D.,Kolos Kovalivka,9
Shakhtar D.,Metalurg D.,10
Shakhtar D.,Vorskla Poltava,11
Shakhtar D.,Zorya Lugansk,18
Sheff Wed,Derby,10
Sheff Wed,MK Dons,9
Sheff Wed,Preston,11
Sheff Wed,Rotherham,10
Sheff Wed,Southampton,9
Sheff Wed,Sunderland,9
Shimizu S-Pulse,Machida Zelvia,10
Shimizu S-Pulse,Monte. Yamagata,10
Shimizu S-Pulse,Sanf. Hiroshima,10
Shinnik Yaroslav,Torpedo Moskau,12
Shonan Bellmare,Kashiwa Reysol,10
Shonan Bellmare,Oita Trinita,9
Shonan Bellmare,Tokushima Vort.,11
Shrewsbury,Bristol Rovers,10
Shrewsbury,Grimsby Town,9
Shrewsbury,Morecambe FC,9
Shrewsbury,Peterborough,9
Sigma Olomouc,1.SC Znojmo,13
Sigma Olomouc,Olomouc B,9
Sigma Olomouc,SFC Opava,10
Sigma Olomouc,Sparta Prague,10
Sigma Olomouc,Viktoria Plzen,10
Silkeborg IF,FC Fredericia,10
Sint-Truiden,KAA Gent,12
Sint-Truiden,Royal Antwerp,9
Sint-Truiden,Standard Liège,20
Sint-Truiden,Újpest FC,13
Siracusa,Biancavilla,9
Sirius,Gefle,9
Sirius,Sandvikens IF,10
Siroki Brijeg,NK Lokomotiva,10
Sivasspor,Adana Demirspor,9
Skeid Yth.,Skeid,12
Skive IK,FC Midtjylland,11
Skoruk,SC Poltava,10
Skra Czesto.,Raków,10
Sl. Liberec B,Slovan Liberec,16
Sl. Liberec B,Varnsdorf,11
Slaven Belupo,Koprivnica,20
Slavia Prague,Banik Ostrava,20
Slavia Prague,Baumit Jablonec,9
Slavia Prague,Bohemians 1905,15
Slavia Prague,C. Budejovice,13
Slavia Prague,Jablonec,9
Slavia Prague,Mlada Boleslav,23
Slavia Prague,Pardubice,9
Slavia Prague,Pribram,10
Slavia Prague,Slavia Prague B,9
Slavia Prague,Slovan Liberec,38
Slavia Prague,Teplice,14
Slavia Prague,Viktoria Zizkov,13
Slavia Prague B,Hlucin,10
Slavia Prague B,Slavia Prague,35
Slavia Prague B,Viktoria Zizkov,16
Slavia Prague B,Vysehrad,15
Slo. Bratislava,Dunajska Streda,9
Slovacko,Banik Ostrava,9
Slovacko,Sparta Prague,13
Slovacko B,Slovacko,14
Slovan Liberec,Slavia Prague,38
Slovan Liberec,Sparta Prague,31
Slovan Liberec,Varnsdorf,11
Slovan Liberec,Viktoria Plzen,9
Sogndal,Molde FK,10
Soproni VSE,Haladás,16
Soproni VSE,Haladás MÁV,9
Soroksár,Ferencváros,32
Sorrento,Juve Stabia ,10
Sorrento,Vico Equense,10
Sounders FC 2,Seattle,26
Sounders FC 2,Seattle Academy,23
Southampton,Bournemouth,18
Southampton,Doncaster,9
Southampton,Forest,10
Southampton,Fulham,11
Southampton,Liverpool,12
Southampton,Sheff Wed,12
Southampton,Tottenham,12
Southport,Tranmere,9
SpVgg Bayreuth,Neudrossenfeld,9
Sparta Prague,Bohemians 1905,14
Sparta Prague,FK Senica,9
Sparta Prague,Jablonec,10
Sparta Prague,Jablonec 97,11
Sparta Prague,Mlada Boleslav,24
Sparta Prague,Pribram,10
Sparta Prague,Slovacko,12
Sparta Prague,Slovan Liberec,23
Sparta Prague,Teplice,17
Sparta Prague,Viktoria Plzen,11
Sparta Prague B,Bohemians 1905,16
Sparta Prague B,C. Budejovice,14
Sparta Prague B,Sparta Prague,34
Sparta Prague B,Viktoria Zizkov,12
Sparta Prague B,Vlasim,21
Sparta R.,AZ Alkmaar,12
Sparta R.,Heerenveen,9
Sparta R.,PSV Eindhoven,9
Sparta R.,RKC Waalwijk,10
Sparta R.,Twente FC,9
Spartaan Yth.,Sparta Youth,9
Spartak 2,Spartak Moscow,22
Spartak Moscow,KS Samara,29
Spartak Moscow,Khimki,12
Spartak Moscow,Rostov,14
Spartak Moscow,Tom Tomsk,9
Spezia,Inter,15
Spezia Calcio,Atalanta BC,14
Spezia Calcio,Carpi,9
Spezia Calcio,HNK Rijeka,14
Spezia Calcio,Parma,10
Spezia Calcio,Sassuolo,11
Sport Recife,ABC FC,9
Sport Recife,América-MG,10
Sport Recife,Atlético-MG,21
Sport Recife,Botafogo-SP,9
Sport Recife,Ceará SC,11
Sport Recife,Corinthians,13
Sport Recife,Cruzeiro,13
Sport Recife,EC Vitória,9
Sport Recife,Goiás,9
Sport Recife,Grêmio,10
Sport Recife,Guarani,9
Sport Recife,Internacional,26
Sport Recife,Palmeiras,10
Sport Recife,São Paulo,17
Sport. Hasselt,Patro Eisden,9
Sporting B,Sporting CP,50
Sporting B,Sporting Gijón,57
Sporting CP,Belenenses,10
Sporting CP,CF Estrela ,10
Sporting CP,Estoril,9
Sporting CP,Lourinhanense,9
Sporting CP,Rio Ave,10
Sporting CP,SC Braga,11
Sporting CP,Sporting B,16
Sporting CP,Vit. Guimarães,20
Sporting Yth.,Belenenses Yth,9
Sporting Yth.,Sporting Sub-15,236
St-Co Locminé,GSI Pontivy,9
St. Johnstone,Dunfermline A.,10
St. Johnstone,Forfar Athletic,10
St. Johnstone,Heart of Midl.,9
St. Johnstone,Montrose,9
St. Johnstone,Morton,9
St. Johnstone,Queen o. t. S.,11
St. Johnstone,Ross County,10
St. Louis 2,STLSC Academy,23
St. Louis 2,St. Louis CITY,16
St. Louis FC,Chicago,9
St. Mirren,Aberdeen FC,10
St. Mirren,Dundee FC,10
St. Mirren,Kilmarnock FC,11
St. Mirren,Ross County,9
St. Pölten Jun.,SKN St. Pölten,17
Stabæk Yth.,Stabæk,20
Stade Bordelais,FC Libourne,10
Stade Laval B,Stade Lavallois,38
Stade Lavallois,FC Lorient,10
Stade Nyonnais,Etoile Carouge,15
Stade Nyonnais,Lausanne-Sport,11
Stade Nyonnais,Servette FC,17
Stade Nyonnais,StadeLO,14
Stade Nyonnais,Yverdon Sport,12
Stade Reims,Stade Brestois,10
Stade Reims B,Stade Reims,51
Stade Rennais,Dijon,10
Stade Rennais,FC Lorient,10
Stade Rennais,Le Havre AC,9
Stade Rennais,Olympique Lyon,10
StadeLO,Lausanne-Sport,10
StadeLO,Stade Nyonnais,10
Stal Alchevsk,Metalurg D.,11
Standard Liège,Charlton,10
Standard Liège,KV Mechelen,10
Standard Liège,MVV Maastricht,10
Standard Liège,Sint-Truiden,25
Start,Fløy,14
Start,Jerv,9
Start,Stabæk,10
Start,Vindbjart FK,9
Stevenage,Barnet,10
Stevenage,QPR,10
Stockport,Altrincham,13
Stockport,Blackburn,9
Stockport,Oldham Athletic,12
Stockport,Rochdale,12
Stoke City,Barnsley,10
Stoke City,Brighton,9
Stoke City,Bristol Rovers,9
Stoke City,Burnley,12
Stoke City,Derby,9
Stoke City,Leeds,11
Stoke City,Preston,9
Stoke City,Wolves,11
Strømsgodset,Mjøndalen,14
Sturm Graz,SCR Altach,9
Sturm Graz,TSV Hartberg,11
Subiza,Osasuna B,13
Sunderland,Burnley,9
Sunderland,Hartlepool,9
Sunderland,Hull City,13
Sunderland,Ipswich,9
Sunderland,Sheff Wed,11
Sunderland,Stoke City,12
Sunderland,Wolves,13
Suwon Bluewings,Gangwon FC,9
Suwon Bluewings,Gwangju Sangmu,11
Suwon Bluewings,Sangju Sangmu,18
Suwon Bluewings,Seongnam FC,10
Swansea,Brighton,11
Swansea,Burnley,9
Swansea,Newport County,14
Swansea,Yeovil Town,11
Swindon Town,Charlton,11
Swindon Town,Chippenham,11
Swindon Town,Portsmouth,11
Swindon Town,QPR,10
Swindon Town,Tottenham,11
Switchbacks FC,Colorado,24
Swope Park,Kansas Academy,13
Swope Park,Kansas City,28
Sydney FC,Central Coast,9
Sylvia,Norrköping,41
Szentlőrinc SE,Pécsi MFC,13
Szolnok,Paksi FC,10
São Bento (SP),Desp. Brasil,9
São Bento (SP),Sampaio-MA,12
São Bento (SP),XV Piracicaba,9
São Bernardo,Boa Esporte,10
São Caetano,Corinthians,17
São Caetano,Coritiba FC,11
São Caetano,Ferroviária,14
São Caetano,Mirassol-SP,9
São Caetano,Oeste,10
São Caetano,Palmeiras,10
São Caetano,Santo André,20
São Caetano,São Bernardo,9
São Paulo,Atlético-MG,15
São Paulo,Botafogo,16
São Paulo,Coritiba FC,9
São Paulo,Cruzeiro,17
São Paulo,EC Bahia,9
São Paulo,EC Vitória,15
São Paulo,Flamengo,9
São Paulo,Fluminense,21
São Paulo,Goiás,9
São Paulo,Grêmio,20
São Paulo,Guarani,9
São Paulo,Internacional,9
São Paulo,Portimonense,9
São Paulo,Santos,13
São Paulo,Sport Recife,22
São Paulo,Toledo,9
Sönderjylland,SönderjyskE,9
SönderjyskE,FC Midtjylland,10
Südtirol,Atalanta BC,9
TFC Academy,Toronto,10
TSG Hoffenheim,Bayern Munich,9
TSG Hoffenheim,Hannover 96,11
TSG Hoffenheim,VfL Bochum,11
TSV 1860 Yth.,B. München Yth.,18
TSV Hartberg,SV Lafnitz,13
Tacoma Defiance,Seattle,46
Tacoma Defiance,Seattle Academy,26
Taksony SE,Dunaharaszti,9
Tampico Madero,Alacranes,9
Tampico Madero,Santos Laguna,10
Tapatío,Chivas,19
Taranto,Andria,9
Taranto,Benevento,10
Taranto,Cavese,9
Taranto,Paganese,9
Tatabánya,LFC Haladás,9
Tatabánya FCE,Tatabánya,16
Tatran Presov,Bardejov,18
Tatran Presov,Podbrezova,9
Tatran Presov B,Tatran Presov,13
Tecos,Pachuca,9
Teleoptik,Partizan,35
Teplice,Banik Sokolov,9
Teplice,Mlada Boleslav,11
Teplice,Slavia Prague,11
Teplice,Sparta Prague,15
Teplice,Varnsdorf,11
Teplice,Viktoria Plzen,9
Teplice B,Teplice,19
Teramo,Pescara,17
Ternana,Catania,12
Ternana,Fiorentina,13
Ternana,Inter,9
Ternana,Pescara,15
Ternana,Salernitana,16
Ternana,Sampdoria,12
Ternana,Torino,13
The Town FC,SJ Earthquakes,17
The Town FC,SJE Academy,9
Thurrock,Dag & Red FC,9
Tianjin JMT Res,TJ Teda,14
Tiburones Rojos,América,10
Tiburones Rojos,Jaguares,11
Tiburones Rojos,Necaxa,13
Tiburones Rojos,Puebla FC,9
Tiburones Rojos,Querétaro FC,9
Tiburones Rojos,San Luis,18
Tigre,Boca Juniors,13
Tigre,River Plate,9
Tigres Jgd.,Tigres SD,9
Timbers Academy,Portland 2,39
Tiverton,Exeter City,16
Tokatspor ,Fethiyespor,10
Tokyo Verdy,Yokohama F. M.,11
Toledo,São Paulo,9
Toluca,Atlas,12
Toluca,CD Cruz Azul,12
Toluca,Chivas,10
Toluca,Club Tijuana,12
Toluca,Mexiquense,15
Toluca,Pachuca,11
Toluca,Querétaro FC,13
Toluca,San Luis,9
Tom Tomsk,Anzhi,11
Tom Tomsk,Rubin Kazan,9
Tombense,América-MG,23
Tombense,América-RN,11
Tombense,Atlético-GO,12
Tombense,Atlético-MG,9
Tombense,Avaí FC,36
Tombense,Boavista,9
Tombense,Botafogo,10
Tombense,CRB,15
Tombense,Criciúma EC,14
Tombense,Cruzeiro,11
Tombense,Figueirense FC,41
Tombense,Fluminense,13
Tombense,Fortaleza,14
Tombense,Guarani,17
Tombense,Joinville-SC,12
Tombense,Madureira,9
Tombense,Náutico,13
Tombense,Palmeiras,11
Tombense,Paraná,14
Tombense,Paysandu,10
Tombense,Ponte Preta,15
Tombense,Primavera,13
Tombense,Vila Nova FC,14
Tombense,Volta Redonda,12
Tondela Y15,Tondela Sub-17,9
Torino,AC Milan,11
Torino,AC Siena,14
Torino,AS Roma,11
Torino,Bologna,9
Torino,Chievo Verona,17
Torino,FC Empoli,14
Torino,Genoa,12
Torino,Hellas Verona,9
Torino,Inter,11
Torino,Juventus,9
Torino,Napoli,16
Torino,Parma,11
Torino,Pro Vercelli,9
Torino,SPAL,13
Torino,Sampdoria,14
Torino,Ternana,11
Torino,Vicenza,9
Torpedo Moskau,Tom Tomsk,11
Torquay,Forest Green,11
Torquay,Plymouth,11
Tottenham,Aston Villa,9
Tottenham,Fulham,10
Tottenham,Hull City,10
Tottenham,Leeds,9
Tottenham,Leyton Orient,13
Tottenham,Millwall,11
Tottenham,Norwich,9
Tottenham,Portsmouth,15
Tottenham,QPR,19
Tottenham,Southampton,9
Tottenham,Sunderland,13
Tottenham,Swindon Town,13
Tottenham,Watford,9
Tottenham,West Ham,10
Toulouse,Lens,14
Toulouse B,Toulouse,78
Tours B,Tours FC,18
Trabzonspor,1461 Trabzon,38
Trabzonspor,1461 Trabzon ,11
Trabzonspor,A.Sebatspor,29
Trabzonspor,Akhisar Belediye,9
Trabzonspor,Antalyaspor,9
Trabzonspor,Besiktas,9
Trabzonspor,C. Rizespor,12
Trabzonspor,Galatasaray,9
Trabzonspor,Istanbulspor,11
Trabzonspor,Kayserispor,12
Traiskirchen,Admira Wacker,9
Tranmere,Macclesfield,10
Tranmere,Morecambe FC,10
Tranmere,Southport,12
Tranmere,Stockport,13
Trapani,Parma,10
Trelleborg,Malmö FF,11
Triestina,Catania,9
Triestina,Chievo Verona,12
Trofense,Gondomar,15
Tromsdalen,Tromsø,16
Tromsø,Tromsdalen,19
Tromsø IL Youth,Tromsø,11
Troyes,FC Metz,14
Troyes,Monaco,9
Trélissac FC,Bergerac,10
Turgutlu Yth,Turgutluspor ,22
Tuzlaspor,Diyarbekir Spor,29
Tuzlaspor,Eyüpspor,13
Tuzlaspor,Pendikspor ,9
Twente FC,Ajax,13
Twente FC,Feyenoord,9
Twente FC,Go Ahead Eagles,10
Twente FC,Heracles Almelo,11
Twente FC,PSV Eindhoven,11
Türk Tlkm Yth,Türk Telekom,9
V. Bergamo Y.,Inter Youth,11
V. Bergamo Y.,Virtus Bergamo,12
VVV-Venlo,Fortuna Sittard,11
VVV-Venlo,Helmond Sport,9
VVV-Venlo,Roda JC,10
Valence,Rhône Vallées,9
Valencia,Atlético Madrid,10
Valencia,Barcelona,10
Valencia,Celta de Vigo,12
Valencia,Getafe,12
Valencia,Real Valladolid,11
Valencia,Villarreal,13
Valencia B,Valencia,51
Valenciennes B,Valenciennes FC,38
Valladolid Prom,Real Valladolid,22
Vancouver,Whitecaps FC 2,11
Vannes B,St-Co Locminé,13
Vannes B,Vannes,24
Vard,Haugesund,18
Varese,AC Milan,9
Varese,Pro Vercelli,9
Varnsdorf,Hradec Kralove,9
Varnsdorf,Jablonec B,9
Varnsdorf,Sl. Liberec B,10
Varnsdorf,Slovan Liberec,10
Varnsdorf,Teplice,11
Varzim,Coimbra,11
Varzim B,Varzim,12
Varzim CJ,Varzim Sub-15,32
Varzim Sub-15,Varzim Sub-17,33
Vasalunds IF,AIK,9
Vasas FC,BFC Siófok,12
Vasas FC,Paksi FC,9
Vasas SC,Rákospalota,9
Vasco da Gama,Atlético-MG,14
Vasco da Gama,Avaí FC,9
Vasco da Gama,Boavista,12
Vasco da Gama,Ceará SC,9
Vasco da Gama,Corinthians,13
Vasco da Gama,Coritiba FC,10
Vasco da Gama,Cruzeiro,14
Vasco da Gama,EC Bahia,14
Vasco da Gama,Fluminense,12
Vasco da Gama,Grêmio,12
Vasco da Gama,Internacional,15
Vasco da Gama,Madureira,10
Vasco da Gama,Palmeiras,10
Vasco da Gama,Paraná,9
Vasco da Gama,Santos,11
Vasco da Gama,São Paulo,11
Vejle BK,FC Fredericia,13
Vejle BK,FC Midtjylland,10
Vejle BK,Odense BK,12
Vejle BK,Vejle-Kolding,14
Vejle-Kolding,Vejle BK,11
Venezia,Triestina,10
Venezia,Vis Pesaro,10
Ventura County,LA Galaxy,9
Veres Rivne,PFC Lviv,9
VfB Stuttgart,1.FC Nuremberg,9
VfB Stuttgart,Bayern Munich,9
VfB Stuttgart,F. Düsseldorf,10
VfB Stuttgart,Greuther Fürth,12
VfB Stuttgart,VfL Wolfsburg,10
VfL Bochum,B. Leverkusen,10
VfL Osnabrück,Holstein Kiel,10
VfL Osnabrück,SF Lotte,10
VfL Wolfsburg,1.FC Köln,10
VfL Wolfsburg,FC Augsburg,14
VfL Wolfsburg,VfB Stuttgart,11
Viborg FF,Odense BK,10
Viborg FF,Vejle BK,10
Vicenza,Atalanta BC,9
Vicenza,Bari,12
Vicenza,Chievo Verona,12
Vicenza,Genoa,12
Vicenza,Inter,10
Vicenza,Juventus,11
Vicenza,Perugia,13
Vicenza,Sampdoria,9
Vicenza,Torino,11
Videoton FC,BFC Siófok,14
Videoton FC,Puskás AFC,32
Vigør,Start,9
Viking FK Youth,Viking,11
Vikt. Plzen B,Domazlice,13
Vikt. Plzen B,Viktoria Plzen,17
Viktoria Berlin,A. Klagenfurt,13
Viktoria Plzen,Banik Ostrava,9
Viktoria Plzen,Banik Sokolov,11
Viktoria Plzen,Bohemians 1905,11
Viktoria Plzen,C. Budejovice,17
Viktoria Plzen,Dukla Prague,11
Viktoria Plzen,Hradec Kralove,14
Viktoria Plzen,Mlada Boleslav,16
Viktoria Plzen,Pribram,16
Viktoria Plzen,Slavia Prague,9
Viktoria Plzen,Teplice,10
Viktoria Plzen,Zbrojovka Brno,11
Viktoria Zizkov,Slavia Prague,11
Viktoria Zizkov,Slavia Prague B,15
Viktoria Zizkov,Sparta Prague B,11
Vila Nova B,Vila Nova FC,13
Vila Nova FC,Anápolis,18
Vila Nova FC,Santos,9
Vila Nova FC,Tombense,13
Vilafranquense,Avs FS,18
Vilaverdense 19,Vilaverdense,9
Villa Nova,Coimbra,28
Villa Rio,Botafogo,10
Villarreal,Atlético Madrid,9
Villarreal,Getafe,10
Villarreal,Girona,9
Villarreal,Real Betis,10
Villarreal,Real Valladolid,10
Villarreal,Valencia,10
Villarreal CF B,CD Mirandés,9
Villarreal CF B,Villarreal,58
Villefranche B,FC Villefranche,13
Vis Pesaro,Fermana,13
Vis Pesaro,Sampdoria,12
Vis Pesaro,Venezia,14
Vis Pesaro Yout,Vis Pesaro,9
Vissel Kobe,Oita Trinita,11
Vissel Kobe,Yokohama FC,9
Vit. Guimarães,Benfica,12
Vit. Guimarães,FC Porto,22
Vit. Guimarães,Guimarães B,12
Vit. Guimarães,Moreirense ,11
Vit. Guimarães,Rio Ave,10
Vit. Guimarães,Sporting CP,15
Viterbese,Ternana,9
Vitesse,Chelsea,21
Vitesse,Feyenoord,10
Vitkovice,Banik Ostrava,9
Vitkovice,Banik Ostrava B,18
Vitória B,EC Vitória,45
Vitória Setúbal,Benfica,14
Vitória Setúbal,FC Porto,25
Vitória Setúbal,SC Braga,9
Vizela,Pedras Salgadas,10
Vizela,SC Braga,9
Vizela,Trofense,9
Vizela Y15,Vizela Y17,12
Vizela Y17,Vizela Y19,20
Vizela Y19,Vizela,18
Vizela Youth,Vizela Y15,11
Vlasim,Sparta Prague B,21
Volos NPS,PAOK Salonika,9
Volta Redonda,Tombense,10
Volyn Lutsk,Dnipro,12
Volyn Lutsk,Karpaty Lviv,10
Volyn-2 Lutsk,Volyn Lutsk,9
Vorskla Poltava,Dynamo Kyiv,15
Vorskla Poltava,Girnyk-Sport,10
Vorskla Poltava,Metalist Kharkiv,9
Vorskla Poltava,Shakhtar D.,11
Vysehrad,Pribram,12
Vysehrad,Slavia Prague B,12
Vác,Berkenye,9
Vålerenga,Stabæk,10
Vålerenga Yth.,Vålerenga,17
Vélez Sarsfield,Arsenal Sarandí,9
Vélez Sarsfield,Independiente,11
W. Bremen Res.,Werder Bremen,15
WH Zall,WH Yangtze Res.,13
Waiblingen Yth.,Stuttgart Yth.,9
Wake Forest,Carolina Dynamo,19
Walsall,Kidderminster,15
Walsall,Mansfield Town,10
Wanderers,Nacional,9
Wanderers,Peñarol,9
Warta Poznan,Jarota Jarocin,10
Warta Poznan,Lech Poznan,12
Warta Poznan,Zaglebie Lubin,10
Washington,Crossfire,11
Watford,Brentford,11
Watford,Granada CF,10
Watford,QPR,11
Watford,Sheff Wed,9
Watford,Swindon Town,10
Wehen Wiesbaden,Hansa Rostock,9
West Brom,Birmingham,10
West Brom,Cardiff,13
West Brom,Norwich,9
West Brom,Portsmouth,9
West Ham,Bournemouth,10
West Ham,Charlton,10
West Ham,Portsmouth,11
West Ham,QPR,11
West Ham,Tottenham,10
Western Sydney,Newcastle,9
Western Sydney,Perth Glory,10
Weston-super-M.,Exeter City,13
Whitecaps Acad.,Vancouver,10
Whitecaps FC 2,Vancouver,12
Whitecaps Res,Vancouver,14
Whitehawk,Burgess Hill,9
Widzew Lodz,Lechia Gdansk,10
Widzew Lodz,Pogon Szczecin,11
Widzew Lodz,Wisla Plock,12
Wigan,Brighton,11
Wigan,Derby,9
Wigan,Everton,10
Wigan,Hull City,10
Wigan,Oldham Athletic,10
Wigan,Portsmouth,9
Wigry Suwalki,Jagiellonia,18
Wisla Plock,Widzew Lodz,11
Wisla Sand.,KSZO Ostrowiec,10
Woking,Crawley Town,11
Wolves,Bristol City,9
Wolves,Bury,9
Wolves,Coventry,9
Wolves,Forest,13
Wolves,Grasshoppers,12
Wolves,Leeds,9
Wolves,Millwall,16
Wolves,QPR,11
Wolves,Stoke City,14
Wolves,Tranmere,9
Wolves,Wigan,10
Wrexham,Fleetwood,10
Wrexham,Swansea,9
Wrexham,Tamworth,10
Wycombe,QPR,12
Wycombe,Stevenage,9
Y. Malatyaspor,BB Erzurumspor,9
Yeovil Town,Bristol City,13
Yeovil Town,Millwall,10
Yeovil Town,Swansea,12
Yokohama F. M.,Sagan Tosu,13
Yokohama F. M.,Vissel Kobe,9
York City,Grimsby Town,9
Young Reds,Royal Antwerp,14
Young Violets,Austria Vienna,21
Yverdon Sport,AC Bellinzona,11
Yverdon Sport,FC Sion,9
Yverdon Sport,Lausanne-Sport,17
Yverdon Sport,Le Mont LS,10
Yverdon Sport,Stade Nyonnais,14
ZJ FC Res.,HZ Greentown,13
Zacatepec,Chivas,10
Zaglebie Lubin,Arka Gdynia,10
Zaglebie Lubin,Gornik Polk.,12
Zaglebie Lubin,Górnik Polkowice,14
Zaglebie Lubin,Legia Warszawa,9
Zaglebie Lubin,Pogon Szczecin,10
Zalaegerszeg,Andráshida,10
Zalaegerszeg,ETO FC Győr ,9
Zalaegerszeg,Haladás,12
Zalaegerszeg,Honvéd,11
Zalaegerszeg,Hévíz SK,24
Zalaegerszeg,MTK Budapest,9
Zalaegerszeg,NK Nafta 1903,28
Zalaegerszeg,Puskás AFC,9
Zalaegerszeg,Pécsi MFC,12
Zalaegerszeg,Vasas FC,9
Zbroj. Brno B,1. FC Brno,10
Zbroj. Brno B,Blansko,11
Zbroj. Brno B,Zbrojovka Brno,15
Zbrojovka Brno,1.SK Prostejov,10
Zbrojovka Brno,Lisen,18
Zbrojovka Brno,MFK Vyskov,9
Zeeburgia Yth.,AZ Alkmaar Yth.,11
Zeeburgia Yth.,Ajax Youth ,32
Zenit 2 S-Pb,Zenit S-Pb,12
Zenit S-Pb,FK Sochi,16
Zenit S-Pb,Rostov,16
Zenit S-Pb,Rubin Kazan,10
Zeytinburnu Yth,Zeytinburnuspor,10
Zorya Lugansk,Chornomorets,9
Zorya Lugansk,Dynamo Kyiv,19
Zorya Lugansk,Shakhtar D.,16
Zrinjski Mostar,Dinamo Zagreb,13
Zulte Waregem,Club Brugge,9
Zulte Waregem,KAA Gent,9
Zulte Waregem,KV Kortrijk,14
Zwarte Leeuw,Hoogstraten VV,11
Zébra Élites,R Charleroi SC,11
Água Santa-SP,Ituano,10
Água Santa-SP,Vila Nova FC,9
Ängelholms FF,Helsingborgs IF,22
Örebro SK,Degerfors,10
Östersund,IFK Östersund,17
Újpest FC,BFC Siófok,11
Újpest FC,Kecskeméti TE,9
Újpest FC,Rákospalota,9
Újpest FC,Vasas SC,9
Újpest FC,Videoton FC,10
